;;;;;;;;;;;;;;;;;;;;
;;;;;;;;;;;;;;;;;;;;
;;;;;;;;;;;;;;;;;;;;
;;;;;;;;;;;;;;;;;;;;
;;;;;;;;;;;;;;;;;;;;
;;;;;;;;;;;;;;;;;;;;
;;;;;;;;;;;;;;;;;;;;
1;cura, -ae;;;";";preoccupazione;;;;;;;;;;;;;;;
2;iniuria, -ae;;;";";offesa;;;;;;;;;;;;;;;
3;silva, -ae;;;";";bosco;;;;;;;;;;;;;;;
4;pecunia, -ae;;;";";denaro;;;;;;;;;;;;;;;
5;sententia, -ae;;;";";opinione;;;;;;;;;;;;;;;
6;puella, -ae;;;";";fanciulla;;;;;;;;;;;;;;;
7;fera, -ae;;;";";fiera, belva;;;;;;;;;;;;;;;
8;pugna, -ae;;;";";battaglia;;;;;;;;;;;;;;;
9;fortuna, -ae;;;";";sorte;;;;;;;;;;;;;;;
10;fortunae, -arum;;;";";ricchezza, patrimonio;;;;;;;;;;;;;;;
11;copia, -ae;;;";";abbondanza, quantità;;;;;;;;;;;;;;;
12;copiae, -arum;;;";";truppe;;;;;;;;;;;;;;;
13;littera, -ae;;;";";lettera dell'alfabeto;;;;;;;;;;;;;;;
14;litterae, -arum;;;";";letteratura;;;;;;;;;;;;;;;
;;;;;;;;;;;;;;;;;;;;
;;;;;;;;;;;;;;;;;;;;
1;mora, -ae;;;";";ritardo;;;;;;;;;;;;;;;
2;divitiae, -arum;;;";";ricchezza;;;;;;;;;;;;;;;
3;aura, -ae;;;";";brezza;;;;;;;;;;;;;;;
4;insidiae, -arum;;;";";agguato;;;;;;;;;;;;;;;
5;gratia, -ae;;;";";"favore (se trovi questo termine all'ablativo preceduto da genitivo significa ""a causa di"" + il genitivo)";;;;;;;;;;;;;;;
6;ora, -ae;;;";";costa;;;;;;;;;;;;;;;
7;"custodia, -ae (oltre a ""custodia"")";;;";";sentinella;;;;;;;;;;;;;;;
8;minae, -arum;;;";";minaccia;;;;;;;;;;;;;;;
9;Athenae, -arum;;;";";Atene (serve a ricordarti che i nomi di città sono spesso al plurale);;;;;;;;;;;;;;;
10;sum;";";sum, es, fui, esse;||;essere;;;;;;;;;;;;;;;
11;possum;";";possum, potes, potui, posse;||;potere;;;;;;;;;;;;;;;
12;facio;";";facio, -is, feci, factum, -ere;||;fare;;;;;;;;;;;;;;;
13;dico;";";dico, -is, dixi, dictum, -ere;||;dire;;;;;;;;;;;;;;;
14;do;";";do, das, dedi, datum, dare;||;dare;;;;;;;;;;;;;;;
;;;;;;;;;;;;;;;;;;;;
;;;;;;;;;;;;;;;;;;;;
1;"et (oltre a ""e"")";;;";";anche, sia… sia... (in questo caso devono essere in coppia);;;;;;;;;;;;;;;
2;-que (enclitico);;;";";"e ""parola""";;;;;;;;;;;;;;;
3;sed;;;";";ma;;;;;;;;;;;;;;;
4;si;;;";";se;;;;;;;;;;;;;;;
5;nec;;;";";né, e non;;;;;;;;;;;;;;;
6;aut;;;";";o, oppure;;;;;;;;;;;;;;;
7;ac;;;";";e;;;;;;;;;;;;;;;
8;atque;;;";";e;;;;;;;;;;;;;;;
9;enim;;;";";infatti;;;;;;;;;;;;;;;
10;etiam;;;";";anche;;;;;;;;;;;;;;;
11;quod (cong.);;;";";poiché;;;;;;;;;;;;;;;
12;nam;;;";";infatti;;;;;;;;;;;;;;;
13;autem;;;";";inoltre, ma, d'altra parte;;;;;;;;;;;;;;;
14;quia;;;";";poiché;;;;;;;;;;;;;;;
;;;;;;;;;;;;;;;;;;;;
;;;;;;;;;;;;;;;;;;;;
*;is, ea, id;";";is, ea, id / eius, eius, eius / ei, ei, ei /eum, eam, id / eo, ea, eo  //  ii(ei), eae, ea / eorum, earum, eorum / iis (eis), iis (eis), iis (eis) / eos, eas, ea / iis (eis), iis (eis), iis (eis);||;egli, quello;;;;;;;;;;;;;;;
*;ego;";";ego, mei, mihi, me, me;||;io;;;;;;;;;;;;;;;
*;sui;";";sui, sibi, se, se;||;sé, se stesso;;;;;;;;;;;;;;;
*;tu;";";tu, tui, tibi, te, te;||;tu;;;;;;;;;;;;;;;
*;nos;";";nos, nostri, nobis, nos, nobis;||;noi;;;;;;;;;;;;;;;
*;vos;";";vos, vestri, vobis, vos, vobis;||;voi;;;;;;;;;;;;;;;
;;;;;;;;;;;;;;;;;;;;
;;;;;;;;;;;;;;;;;;;;
1;bellum, -i;;;";";guerra;;;;;;;;;;;;;;;
2;domus, -i;;;";";casa;;;;;;;;;;;;;;;
3;pŏpŭlus, -i;;;";";"popolo (ricorda che, anche se si trova raramente, esiste anche un ""pōpŭlus, -i"" che significa ""pioppo"" e che tra l'altro, essendo un nome di pianta, è femminile)";;;;;;;;;;;;;;;
4;imperium, i;;;";";potere, comando;;;;;;;;;;;;;;;
5;modus, -i;;;";";misura;;;;;;;;;;;;;;;
6;verbum, -i;;;";";parola;;;;;;;;;;;;;;;
7;signum, -i;;;";";segnale, statua, insegna;;;;;;;;;;;;;;;
8;equus, -i;;;";";cavallo;;;;;;;;;;;;;;;
9;proelium, -i;;;";";battaglia;;;;;;;;;;;;;;;
10;telum, -i;;;";";lancia, freccia;;;;;;;;;;;;;;;
11;puer, -i;;;";";bambino, ragazzo;;;;;;;;;;;;;;;
12;legatus, -i;;;";";ambasciatore;;;;;;;;;;;;;;;
13;ager, agri;;;";";terreno;;;;;;;;;;;;;;;
14;ingenium, -i;;;";";natura, indole, intelligenza;;;;;;;;;;;;;;;
;;;;;;;;;;;;;;;;;;;;
;;;;;;;;;;;;;;;;;;;;
1;studium, -i;;;";";impegno;;;;;;;;;;;;;;;
2;"spatium, -i (oltre a ""spazio"")";;;";";tempo;;;;;;;;;;;;;;;
3;socius, -i;;;";";alleato;;;;;;;;;;;;;;;
4;aurum, -i;;;";";oro;;;;;;;;;;;;;;;
5;"praesidium, -i (oltre a ""presidio"")";;;";";difesa;;;;;;;;;;;;;;;
6;dominus, -i;;;";";padrone;;;;;;;;;;;;;;;
7;oppidum, -i;;;";";città (piccola ma fortificata);;;;;;;;;;;;;;;
8;officium, -i;;;";";compito;;;;;;;;;;;;;;;
9;habeo;";";habeo, -es, habui, habitum, habere;||;avere, possedere;;;;;;;;;;;;;;;
10;video;";";video, -es, vidi, visum, -ere;||;vedere;;;;;;;;;;;;;;;
11;fero;";";fero, fers, tuli, latum, ferre;||;portare;;;;;;;;;;;;;;;
12;ago;";";ago, -is, egi, actum, -ere;||;condurre, fare;;;;;;;;;;;;;;;
13;venio;";";venio, -is, veni, ventum, -ire;||;venire, andare;;;;;;;;;;;;;;;
14;iubeo;";";iubeo, -es, iussi, iussum, -ere;||;ordinare;;;;;;;;;;;;;;;
;;;;;;;;;;;;;;;;;;;;
;;;;;;;;;;;;;;;;;;;;
1;deus, -i;;;";";dio (ricorda: il vocativo è deus, il genitivo plurale deorum o deum, il dativo/ablativo plurale deis, diis o dis);;;;;;;;;;;;;;;
2;locus,-i;;;";";luogo (ricorda che al plurale può essere loci, cioè passi di un libro, o loca, cioè luoghi);;;;;;;;;;;;;;;
3;vir, -i;;;";";uomo (ricorda che è della seconda);;;;;;;;;;;;;;;
4;arma, -orum;;;";";armi;;;;;;;;;;;;;;;
5;castra, -orum;;;";";accampamento;;;;;;;;;;;;;;;
6;castrum, -i ;;;";";castello, luogo fortificato;;;;;;;;;;;;;;;
7;liberi, -orum;;;";";figli;;;;;;;;;;;;;;;
8;auxilium, -ii;;;";";aiuto;;;;;;;;;;;;;;;
9;auxilia, -orum;;;";";truppe ausiliarie;;;;;;;;;;;;;;;
10;vulgus, -i;;;";";popolo (ricorda che è neutro della seconda);;;;;;;;;;;;;;;
11;accipio;";";accipio, -is, -cepi, -ceptum, -ere;||;ricevere, accettare;;;;;;;;;;;;;;;
12;debeo;";";debeo, -es, debui, -itum, -ere;||;dovere;;;;;;;;;;;;;;;
13;vinco;";";vinco, -is, vici, victum, -ere;||;vincere;;;;;;;;;;;;;;;
14;pono;";";pono, -is, posui, positum, -ere;||;porre, collocare;;;;;;;;;;;;;;;
;;;;;;;;;;;;;;;;;;;;
;;;;;;;;;;;;;;;;;;;;
1;magnus, -a, -um;;;";";grande;;;;;;;;;;;;;;;
2;superus, -a, -um;;;";";del cielo, superiore;;;;;;;;;;;;;;;
3;tantus, -a, -um;;;";";tanto grande;;;;;;;;;;;;;;;
4;parvus, -a, -um;;;";";piccolo;;;;;;;;;;;;;;;
5;mălus, -a, -um;;;";";malvagio;;;;;;;;;;;;;;;
6;altus, -a, -um;;;";";alto, profondo;;;;;;;;;;;;;;;
7;alienus, -a, -um;;;";";altrui;;;;;;;;;;;;;;;
8;quantus, -a, -um;;;";";quanto grande;;;;;;;;;;;;;;;
9;cunctus, -a, -um;;;";";tutto quanto;;;;;;;;;;;;;;;
10;laetus, -a, -um;;;";";lieto, fertile;;;;;;;;;;;;;;;
11;paucus, -a, -um;;;";";poco;;;;;;;;;;;;;;;
12;tutus, -a, -um;;;";";protetto;;;;;;;;;;;;;;;
13;saevus, -a, -um;;;";";crudele;;;;;;;;;;;;;;;
14;ceterus, -a, -um;;;";";altro, rimanente;;;;;;;;;;;;;;;
;;;;;;;;;;;;;;;;;;;;
;;;;;;;;;;;;;;;;;;;;
1;clarus, -a, -um;;;";";famoso;;;;;;;;;;;;;;;
2;aequus, -a, -um;;;";";equo, giusto;;;;;;;;;;;;;;;
3;reliquus, -a, -um;;;";";rimanente;;;;;;;;;;;;;;;
4;eo (verbo);";";eo, is, i(v)i, itum, ire;||;andare;;;;;;;;;;;;;;;
5;capio;";";capio, -is, cepi, captum, -ere;||;prendere;;;;;;;;;;;;;;;
6;scio;";";scio, -is, i(v)i, -itum, ire;||;sapere;;;;;;;;;;;;;;;
7;puto;";";puto, -as, -avi, -atum, -are;||;reputare, stimare;;;;;;;;;;;;;;;
8;Alius, alia, aliud;;;";";"altro (fra molti) (aggettivo pronominale: gen. In ""-ius""/ dat. In ""-i"")";;;;;;;;;;;;;;;
9;Nullus, -a, -um ;;;";";"nessuno (aggettivo pronominale: gen. In ""-ius""/ dat. In ""-i"")";;;;;;;;;;;;;;;
10;Unus, -a, -um;;;";";"uno (aggettivo pronominale: gen. In ""-ius""/ dat. In ""-i"")";;;;;;;;;;;;;;;
11;Totus, -a, -um;;;";";"tutto (aggettivo pronominale: gen. In ""-ius""/ dat. In ""-i"")";;;;;;;;;;;;;;;
12;Alter, altera, alterum;;;";";"altro (fra due) (aggettivo pronominale: gen. In ""-ius""/ dat. In ""-i"")";;;;;;;;;;;;;;;
13;Ullus, -a, -um;;;";";"alcuno, qualche (aggettivo pronominale: gen. In ""-ius""/ dat. In ""-i"")";;;;;;;;;;;;;;;
14;Solus, -a, -um;;;";";"solo (aggettivo pronominale: gen. In ""-ius""/ dat. In ""-i"")";;;;;;;;;;;;;;;
;;;;;;;;;;;;;;;;;;;;
;;;;;;;;;;;;;;;;;;;;
1;in;;;";";in, su, per, durante, riguardo a, contro (preposizione con l'accusativo o l'ablativo);;;;;;;;;;;;;;;
2;ad;;;";";a, verso (preposizione con l'accusativo);;;;;;;;;;;;;;;
3;a, ab;;;";";da  (preposizione con l'ablativo);;;;;;;;;;;;;;;
4;e, ex;;;";";da  (preposizione con l'ablativo);;;;;;;;;;;;;;;
5;per;;;";";per, attraverso (preposizione con l'accusativo);;;;;;;;;;;;;;;
6;cum;;;";";"con (preposizione con l'ablativo) // ricorda che può essere anche una congiunzione con il significato di ""quando"", ""mentre""";;;;;;;;;;;;;;;
7;de;;;";";da (alto in basso), del, sul, a proposito di (preposizione con l'ablativo);;;;;;;;;;;;;;;
8;inter;;;";";fra, in mezzo a (preposizione con l'accusativo);;;;;;;;;;;;;;;
9;sine;;;";";senza  (preposizione con l'ablativo);;;;;;;;;;;;;;;
10;pro;;;";";davanti, in difesa, al favore, al posto  (preposizione con l'ablativo);;;;;;;;;;;;;;;
11;apud;;;";";presso, vicino a (preposizione con l'accusativo);;;;;;;;;;;;;;;
12;sub;;;";";sotto (preposizione con l'ablativo e l'accusativo);;;;;;;;;;;;;;;
13;post;;;";";dietro a, dopo (preposizione con l'accusativo);;;;;;;;;;;;;;;
14;ante;;;";";davanti, prima (preposizione con l'accusativo);;;;;;;;;;;;;;;
;;;;;;;;;;;;;;;;;;;;
;;;;;;;;;;;;;;;;;;;;
1;adversus (prep.);;;";";verso, contro (preposizione con l'accusativo);;;;;;;;;;;;;;;
2;ob;;;";";per, a causa di (preposizione con l'accusativo);;;;;;;;;;;;;;;
3;propter;;;";";per, a causa di (preposizione con l'accusativo);;;;;;;;;;;;;;;
4;contra (prep.);;;";";contro, di fronte a (preposizione con l'accusativo);;;;;;;;;;;;;;;
5;super;;;";";sopra, oltre, riguardo a (preposizione con l'accusativo o l'ablativo);;;;;;;;;;;;;;;
6;intra;;;";";dentro, tra, prima di (preposizione con l'accusativo);;;;;;;;;;;;;;;
7;teneo;";";teneo, -es, tenui, tentum, -ere;||;tenere;;;;;;;;;;;;;;;
8;peto;";";peto, -is, -i(v)i, -itum, -ere;||;chiedere (per ottenere);;;;;;;;;;;;;;;
9;quaero;";";quaero, -is, quaesivi, quaesitum, -ere;||;chiedere (per sapere);;;;;;;;;;;;;;;
10;mitto;";";mitto, -is, misi, missum, -ere;||;mandare;;;;;;;;;;;;;;;
11;audio;";";audio, -is, -i(v)i, -itum, -ire;||;udire;;;;;;;;;;;;;;;
12;vivo;";";vivo, -is, vixi, victum, -ere;||;vivere;;;;;;;;;;;;;;;
13;relinquo;";";relinquo, -is, reliqui, relictum, -ere;||;lasciare;;;;;;;;;;;;;;;
14;refero;";";refero, refers, rettuli, relatum, referre;||;riportare;;;;;;;;;;;;;;;
;;;;;;;;;;;;;;;;;;;;
;;;;;;;;;;;;;;;;;;;;
1;an;;;";";o, se, o forse;;;;;;;;;;;;;;;
2;neque;;;";";e non;;;;;;;;;;;;;;;
3;quoque;;;";";anche;;;;;;;;;;;;;;;
4;nisi;;;";";se non;;;;;;;;;;;;;;;
5;at;;;";";ma;;;;;;;;;;;;;;;
6;ergo (cong.);;;";";"dunque (più raramente più essere una preposizione con il genitivo sempre anteposto e con il significato di ""a causa di"")";;;;;;;;;;;;;;;
7;itaque;;;";";pertanto;;;;;;;;;;;;;;;
8;duco;";";duco, -is, duxi, ductum, -ere;||;condurre;;;;;;;;;;;;;;;
9;reddo;";";reddo, -is, reddidi, redditum, -ere;||;rendere;;;;;;;;;;;;;;;
10;voco;";";voco, -as, -avi, -atum , -are;||;chiamare;;;;;;;;;;;;;;;
11;timeo;";";timeo, -es, timui, -ere;||;temere;;;;;;;;;;;;;;;
12;moveo;";";moveo, -es, movi, motum, -ere;||;muovere;;;;;;;;;;;;;;;
13;sto;";";sto, stas, steti, statum, stare;||;stare;;;;;;;;;;;;;;;
14;gero;";";gero, -is, gessi, gestum, -ere;||;portare, fare (portare a termine);;;;;;;;;;;;;;;
;;;;;;;;;;;;;;;;;;;;
;;;;;;;;;;;;;;;;;;;;
1;hostis, -is;;;";";nemico;;;;;;;;;;;;;;;
2;urbs, -is;;;";";città;;;;;;;;;;;;;;;
3;virtus, -utis;;;";";coraggio;;;;;;;;;;;;;;;
4;mos, -oris;;;";";usanza, costume, tradizione;;;;;;;;;;;;;;;
5;genus, -eris;;;";";stirpe;;;;;;;;;;;;;;;
6;caput, -itis;;;";";testa;;;;;;;;;;;;;;;
7;ratio, -onis;;;";";conto, ragione, condotta;;;;;;;;;;;;;;;
8;gens, -ntis;;;";";clan, stirpe, popolo;;;;;;;;;;;;;;;
9;scelus, -eris;;;";";crimine;;;;;;;;;;;;;;;
10;eques, -itis;;;";";cavaliere;;;;;;;;;;;;;;;
11;princeps, -ipis;;;";";il primo, il principe;;;;;;;;;;;;;;;
12;ignis, -is;;;";";fuoco;;;;;;;;;;;;;;;
13;dux, -is;;;";";comandante, guida;;;;;;;;;;;;;;;
14;os , oris;;;";";bocca;;;;;;;;;;;;;;;
;;;;;;;;;;;;;;;;;;;;
;;;;;;;;;;;;;;;;;;;;
1;dum;;;";";mentre;;;;;;;;;;;;;;;
2;ubi (cong.);;;";";quando, non appena;;;;;;;;;;;;;;;
3;vel;;;";";o;;;;;;;;;;;;;;;
4;vero;;;";";in verità, anzi;;;;;;;;;;;;;;;
5;igitur;;;";";pertanto;;;;;;;;;;;;;;;
6;sive;;;";";sia che;;;;;;;;;;;;;;;
7;-ve (enclitico);;;";";"o ""parola""";;;;;;;;;;;;;;;
8;quoniam;;;";";poiché;;;;;;;;;;;;;;;
9;quippe;;;";";dal momento che;;;;;;;;;;;;;;;
10;quamvis;;;";";sebbene;;;;;;;;;;;;;;;
11;quamquam;;;";";benché;;;;;;;;;;;;;;;
12;etsi/etiamsi;;;";";anche se;;;;;;;;;;;;;;;
13;namque;;;";";infatti;;;;;;;;;;;;;;;
14;quemadmodum;;;";";come, in che modo;;;;;;;;;;;;;;;
;;;;;;;;;;;;;;;;;;;;
;;;;;;;;;;;;;;;;;;;;
1;labor, -oris;;;";";fatica;;;;;;;;;;;;;;;
2;voluptas, -atis;;;";";piacere;;;;;;;;;;;;;;;
3;opus, -eris;;;";";opera;;;;;;;;;;;;;;;
4;ius, iuris;;;";";diritto, giustizia;;;;;;;;;;;;;;;
5;pectus, -oris;;;";";cuore;;;;;;;;;;;;;;;
6;agmen, -inis;;;";";esercito;;;;;;;;;;;;;;;
7;vulnus, -eris;;;";";ferita;;;;;;;;;;;;;;;
8;munus, -eris;;;";";carica, regalo;;;;;;;;;;;;;;;
9;"ordo, -inis (oltre a ""ordine"")";;;";";fila, classe sociale;;;;;;;;;;;;;;;
10;litus, -oris;;;";";costa;;;;;;;;;;;;;;;
11;carmen, -inis;;;";";carme, poesia;;;;;;;;;;;;;;;
12;salus, -utis;;;";";salvezza;;;;;;;;;;;;;;;
13;auris, -is;;;";";orecchio;;;;;;;;;;;;;;;
14;caedes, -is;;;";";uccisione;;;;;;;;;;;;;;;
;;;;;;;;;;;;;;;;;;;;
;;;;;;;;;;;;;;;;;;;;
1;iam;;;";";ormai;;;;;;;;;;;;;;;
2;tamen;;;";";tuttavia;;;;;;;;;;;;;;;
3;nunc;;;";";adesso;;;;;;;;;;;;;;;
4;magis;;;";";di più, maggiormente;;;;;;;;;;;;;;;
5;ita;;;";";così;;;;;;;;;;;;;;;
6;sic;;;";";così;;;;;;;;;;;;;;;
7;tam;;;";";tanto;;;;;;;;;;;;;;;
8;quidem;;;";";appunto, certamente;;;;;;;;;;;;;;;
9;tum;;;";";allora;;;;;;;;;;;;;;;
10;deinde;;;";";poi;;;;;;;;;;;;;;;
11;modo;;;";";soltanto;;;;;;;;;;;;;;;
12;parum;;;";";poco;;;;;;;;;;;;;;;
13;quo (avv.);;;";";dove, perciò, quanto;;;;;;;;;;;;;;;
14;haud;;;";";non;;;;;;;;;;;;;;;
;;;;;;;;;;;;;;;;;;;;
;;;;;;;;;;;;;;;;;;;;
1;simul;;;";";non appena, insieme;;;;;;;;;;;;;;;
2;numquam;;;";";mai;;;;;;;;;;;;;;;
3;tunc;;;";";allora;;;;;;;;;;;;;;;
4;hinc;;;";";di qui;;;;;;;;;;;;;;;
5;satis (avv.);;;";";abbastanza;;;;;;;;;;;;;;;
6;eo (avv.);;;";";a tal punto, là;;;;;;;;;;;;;;;
7;hic ;;;";";qui;;;;;;;;;;;;;;;
8;diu;;;";";a lungo;;;;;;;;;;;;;;;
9;inde;;;";";di qui;;;;;;;;;;;;;;;
10;-ne (enclitico);;;";";…? (segno di interrogazione);;;;;;;;;;;;;;;
11;saepe;;;";";spesso;;;;;;;;;;;;;;;
12;adhuc;;;";";ancora;;;;;;;;;;;;;;;
13;velut;;;";";come, allo stesso modo, come se;;;;;;;;;;;;;;;
14;longe;;;";";lontano, di gran lunga, a lungo;;;;;;;;;;;;;;;
;;;;;;;;;;;;;;;;;;;;
;;;;;;;;;;;;;;;;;;;;
1;sermo, -onis;;;";";linguaggio, discorso;;;;;;;;;;;;;;;
2;latus, -eris;;;";";lato;;;;;;;;;;;;;;;
3;senex, -is;;;";";vecchio;;;;;;;;;;;;;;;
4;orbis, -is;;;";";cerchio, mondo;;;;;;;;;;;;;;;
5;amnis ,-is;;;";";fiume;;;;;;;;;;;;;;;
6;imperator, -oris;;;";";comandante;;;;;;;;;;;;;;;
7;uxor, -is;;;";";moglie;;;;;;;;;;;;;;;
8;sidus, -eris;;;";";corpo celeste;;;;;;;;;;;;;;;
9;classis, - is;;;";";flotta;;;;;;;;;;;;;;;
10;vis, -;;;";";"forza (ricorda che si tratta di forza ""dinamica"", che non ha genitivo e dativo singolare, che l'accusativo è vim e che al plurale la radice è vir-)";;;;;;;;;;;;;;;
11;iter, itineris;;;";";via (ricorda che il resto della declinazione segue itineris, ma è neutro quindi accusativo e vocativo singolari fanno iter);;;;;;;;;;;;;;;
12;finis, -is;;;";";fine, limite;;;;;;;;;;;;;;;
13;fines, -ium;;;";";confini, territorio;;;;;;;;;;;;;;;
14;maiores, -orum;;;";";gli antenati;;;;;;;;;;;;;;;
;;;;;;;;;;;;;;;;;;;;
;;;;;;;;;;;;;;;;;;;;
1;vix;;;";";a stento;;;;;;;;;;;;;;;
2;mox;;;";";in breve, presto;;;;;;;;;;;;;;;
3;rursus;;;";";di nuovo;;;;;;;;;;;;;;;
4;procul;;;";";lontano;;;;;;;;;;;;;;;
5;nondum;;;";";non ancora;;;;;;;;;;;;;;;
6;ubi (avv.);;;";";dove;;;;;;;;;;;;;;;
7;usque;;;";";fino a;;;;;;;;;;;;;;;
8;interim;;;";";nel frattempo;;;;;;;;;;;;;;;
9;adeo (avv.);;;";";a tal punto;;;;;;;;;;;;;;;
10;ibi;;;";";lì;;;;;;;;;;;;;;;
11;ideo;;;";";perciò;;;;;;;;;;;;;;;
12;tandem;;;";";infine;;;;;;;;;;;;;;;
13;umquam;;;";";mai;;;;;;;;;;;;;;;
14;huc;;;";";qui (moto a luogo);;;;;;;;;;;;;;;
15;cur;;;";";perché;;;;;;;;;;;;;;;
;;;;;;;;;;;;;;;;;;;;
;;;;;;;;;;;;;;;;;;;;
1;contra (avv.);;;";";al contrario, di fronte;;;;;;;;;;;;;;;
2;aliquando;;;";";una volta;;;;;;;;;;;;;;;
3;prope;;;";";vicino;;;;;;;;;;;;;;;
4;certe;;;";";sicuramente;;;;;;;;;;;;;;;
5;trado;";";trado, -is, tradidi, -itum, -ere;||;affidare;;;;;;;;;;;;;;;
6;fugio;";";fugio, -is, fugi, -itum, -ere;||;fuggire;;;;;;;;;;;;;;;
7;paro;";";paro, -as, -avi, -atum, -are;||;preparare;;;;;;;;;;;;;;;
8;traho;";";traho, -is, traxi, tractum, -ere;||;tirare;;;;;;;;;;;;;;;
9;cogo;";";cogo, -is, coegi, coactum, -ere;||;costringere;;;;;;;;;;;;;;;
10;recipio;";";recipio, -is,- cepi, -ceptum, -ere;||;ricevere;;;;;;;;;;;;;;;
11;invenio;";";invenio, -venis, -veni, -ventum, -ire;||;trovare;;;;;;;;;;;;;;;
12;cado;";";cado, -is, cecidi, (part. fut. casurus), -ere;||;cadere;;;;;;;;;;;;;;;
13;cognosco;";";cognosco, -is, -ovi, -itum, -ere;||;venire a sapere;;;;;;;;;;;;;;;
14;pervenio;";";pervenio, -is, -veni, -ventum, -ire;||;arrivare;;;;;;;;;;;;;;;
;;;;;;;;;;;;;;;;;;;;
;;;;;;;;;;;;;;;;;;;;
*;volo;";";Volo, vis, volui, velle;||;volere;;;;;;;;;;;;;;;
*;nolo;";";Nolo, non vis, nolui, nolle;||;non volere;;;;;;;;;;;;;;;
*;malo;";";Malo, mavis, malui, malle;||;preferire;;;;;;;;;;;;;;;
;;;;;;;;;;;;;;;;;;;;
;;;;;;;;;;;;;;;;;;;;
1;sentio;";";sentio, -is, sensi, sensum, -ire;||;percepire;;;;;;;;;;;;;;;
2;omnis, -e;;;";";ogni, tutto;;;;;;;;;;;;;;;
3;par, -is;;;";";uguale;;;;;;;;;;;;;;;
4;propior, propius;;;";";"più vicino (comparativo di ""prope"")";;;;;;;;;;;;;;;
5;levis, -e;;;";";leggero;;;;;;;;;;;;;;;
6;vetus, -eris;;;";";vecchio;;;;;;;;;;;;;;;
7;sat (satis), satis (agg.);;;";";sufficiente;;;;;;;;;;;;;;;
8;potis, -e;;;";";potente, possibile;;;;;;;;;;;;;;;
9;prior, prius;;;";";"primo (fra due - comparativo di ""prae"")";;;;;;;;;;;;;;;
10;mollis, -e;;;";";molle, debole;;;;;;;;;;;;;;;
11;ostendo;";";ostendo, -is, ostendi, ostensum, -ere;||;mostrare;;;;;;;;;;;;;;;
12;prosum;";";prosum, prodes, profui, prodesse;||;giovare, essere utile;;;;;;;;;;;;;;;
13;verto;";";verto, -is, verti, versum, -ere;||;girare;;;;;;;;;;;;;;;
14;"premo (oltre a ""premere"")";";";premo, -is, pressi, pressum, -ere ;||;mettere incinta, stuprare;;;;;;;;;;;;;;;
;;;;;;;;;;;;;;;;;;;;
;;;;;;;;;;;;;;;;;;;;
*;coepio;";";coepio, -is, coepi, coeptum, -ere;||;iniziare;;;;;;;;;;;;;;;
*;odi;";";odi, odisti, odisse;||;odio (verbo difettivo - ricordane il valore resultativo);;;;;;;;;;;;;;;
*;memini;";";memini, meministi, meminisse;||;(mi) ricordo (verbo difettivo - ricordane il valore resultativo);;;;;;;;;;;;;;;
*;inquam;";";inquam, inquis, inquii, -;||;"dire (verbo difettivo - si trova spesso alla terza persona ""inquit"", uguale per presente e perfetto)";;;;;;;;;;;;;;;
*;licet;";";licet, licuit/licitum est, -ere;||;si può, è lecito (verbo difettivo impersonale - si trova solo alla terza persona);;;;;;;;;;;;;;;
;;;;;;;;;;;;;;;;;;;;
;;;;;;;;;;;;;;;;;;;;
1;"manus, -us (oltre a ""mano"")";;;";";schiera, forza;;;;;;;;;;;;;;;
2;domus, -us;;;";";casa;;;;;;;;;;;;;;;
3;metus, -us;;;";";paura;;;;;;;;;;;;;;;
4;impetus, -us;;;";";assalto;;;;;;;;;;;;;;;
5;casus, -us;;;";";circostanza, morte;;;;;;;;;;;;;;;
6;res, -ei;;;";";cosa;;;;;;;;;;;;;;;
7;fides, -ei;;;";";fiducia, fedeltà;;;;;;;;;;;;;;;
8;spes, -ei;;;";";speranza;;;;;;;;;;;;;;;
9;acies, -ei;;;";";acutezza, esercito (schierato);;;;;;;;;;;;;;;
10;species, -ei;;;";";aspetto esteriore, immagine;;;;;;;;;;;;;;;
11;facies, -ei;;;";";aspetto esteriore, immagine;;;;;;;;;;;;;;;
12;pernicies, -ei;;;";";rovina;;;;;;;;;;;;;;;
13;res frumentaria;;;";";viveri;;;;;;;;;;;;;;;
14;res gestae ;;;";";imprese;;;;;;;;;;;;;;;
;;;;;;;;;;;;;;;;;;;;
;;;;;;;;;;;;;;;;;;;;
1;iaceo;";";iaceo, -es, iacui, -ere;||;giacere;;;;;;;;;;;;;;;
2;pereo;";";pereo, -is, -i(v)i, (part. fut. periturus), -ire;||;perire;;;;;;;;;;;;;;;
3;servo;";";servo, -as, -avi, -atum, -are;||;salvare, conservare;;;;;;;;;;;;;;;
4;transeo;";";transeo, -is, -i(v)i, -itum, -ire;||;passare;;;;;;;;;;;;;;;
5;intelligo/intellego;";";intelligo/intellego, -is, -lexi, -lectum, -ere;||;capire;;;;;;;;;;;;;;;
6;praesto;";";praesto, -as, praestiti, praestitum, -are;||;eccellere;;;;;;;;;;;;;;;
7;tollo;";";tollo, tollis, sustuli, sublatum, tollere;||;alzare;;;;;;;;;;;;;;;
8;redeo;";";redeo, -is, -i(v)i, -itum, -ire;||;tornare;;;;;;;;;;;;;;;
9;excipio;";";excipio, -is, -cepi, -ceptum, -ere;||;ricevere;;;;;;;;;;;;;;;
10;"cedo (oltre a ""cedere"")";";";cedo, -is, cessi, cessum, -ere ;||;avanzare, andarsene, trasformarsi;;;;;;;;;;;;;;;
11;cogito;";";cogito, -as, -avi, -atum, -are;||;pensare;;;;;;;;;;;;;;;
12;iudico;";";iudico, -as, -avi, -atum, -are;||;giudicare;;;;;;;;;;;;;;;
13;rapio;";";rapio, -is, -ui, raptum, -ire;||;strappare, rapire;;;;;;;;;;;;;;;
14;eripio;";";eripio, -is, eripui, ereptum, -ere;||;portar via;;;;;;;;;;;;;;;
;;;;;;;;;;;;;;;;;;;;
;;;;;;;;;;;;;;;;;;;;
1;colo;";";colo, -is, colui, cultum, -ere;||;venerare, coltivare;;;;;;;;;;;;;;;
2;aio;";";aio, ais, -;||;"dire (verbo difettivo - si trova spesso alla terza persona ""ait"", uguale per presente e perfetto)";;;;;;;;;;;;;;;
3;solvo;";";solvo, -is, solvi, solutum, -ere;||;sciogliere, salpare;;;;;;;;;;;;;;;
4;"occupo (oltre a ""occupare"")";";";occupo, -as, -avi, -atum, -are ;||;precedere;;;;;;;;;;;;;;;
5;amitto;";";amitto, -mittis, -misi, -missum, -ere;||;perdere;;;;;;;;;;;;;;;
6;doceo;";";doceo, -es, docui, doctum, -ere;||;insegnare;;;;;;;;;;;;;;;
7;nosco;";";nosco, -is, novi, notum, -ere;||;sapere, venire a sapere (ricordane il valore resultativo del perfetto);;;;;;;;;;;;;;;
8;efficio;";";efficio, -is, -feci, -fectum, -ere;||;fare in modo;;;;;;;;;;;;;;;
9;maneo;";";maneo, -es, mansi, mansum, -ere;||;rimanere;;;;;;;;;;;;;;;
10;adicio;";";adicio, -is, -ieci, -iectum, -ere;||;gettare;;;;;;;;;;;;;;;
11;affero;";";affero, -fers, attuli, allatum, afferre;||;portare, aggiungere, riferire;;;;;;;;;;;;;;;
12;compono;";";compono, -is, composui, compositum, componere;||;avvicinare, riunire, riporre;;;;;;;;;;;;;;;
13;sumo;";";sumo, -is, sumpsi, sumptum, -ere;||;prendere;;;;;;;;;;;;;;;
14;absum;";";absum, -es, -fui, -esse;||;"mancare (ricorda che “adsum”, al contrario, significa ""esserci"")";;;;;;;;;;;;;;;
;;;;;;;;;;;;;;;;;;;;
;;;;;;;;;;;;;;;;;;;;
1;desum;";";desum, -es, -fui, -esse;||;mancare ;;;;;;;;;;;;;;;
2;incipio;";";incipio, -is, -cepi, -ceptum, -ere;||;iniziare;;;;;;;;;;;;;;;
3;opto;";";opto, -as, -avi, -atum, -are;||;scegliere, desiderare;;;;;;;;;;;;;;;
4;tento/tempto;";";tento/tempto, -as, -avi, -atum, -are;||;toccare;;;;;;;;;;;;;;;
5;"exigo (oltre a ""esigere"")";";";exigo, -is, exegi, exactum, -ere ;||;espellere, mandar fuori, produrre;;;;;;;;;;;;;;;
6;impero;";";impero, -as, -avi, -atum, -are;||;comandare;;;;;;;;;;;;;;;
7;specto;";";specto, -as, -avi, -atum, -are;||;guardare;;;;;;;;;;;;;;;
8;scribo;";";scribo, -is, scripsi, scriptum, -ere;||;scrivere;;;;;;;;;;;;;;;
9;addo;";";addo, -is, addidi, additum, -ere;||;aggiungere;;;;;;;;;;;;;;;
10;disco;";";disco, -is, didici, -ere;||;imparare;;;;;;;;;;;;;;;
11;interficio;";";interficio, -is, -feci, -fectum, -fìcere;||;uccidere;;;;;;;;;;;;;;;
12;contingo;";";contingo, -is, -tigi, -tactum, -ere;||;capitare;;;;;;;;;;;;;;;
13;constituo;";";constituo, -is, -ui, -tutum, -ere;||;stabilire;;;;;;;;;;;;;;;
14;accedo;";";accedo, -is, -cessi, -cessum, -ere;||;avvicinarsi;;;;;;;;;;;;;;;
;;;;;;;;;;;;;;;;;;;;
;;;;;;;;;;;;;;;;;;;;
1;cupio;";";cupio, -is, -ivi, -itum, -ere;||;desiderare;;;;;;;;;;;;;;;
2;"exerceo (oltre a ""esercitare"")";";";exerceo, -es, -ercui, -ercitum, -ere ;||;affaticare;;;;;;;;;;;;;;;
3;appello;";";appello, -as, -avi, -atum, -are;||;chiamare;;;;;;;;;;;;;;;
4;claudo;";";claudo, -is, clausi, clausum, -ere;||;"chiudere (ma con il paradigma ""claudo, -is, -ere"" vuol dire anche ""zoppicare"")";;;;;;;;;;;;;;;
5;iuvo;";";iuvo, -as, iuvi, iutum, -are;||;aiutare;;;;;;;;;;;;;;;
6;prohibeo;";";prohibeo, -es, -bui, -itum, -ere;||;impedire;;;;;;;;;;;;;;;
7;tego;";";tego, -is, texi, tectum, -ere;||;coprire;;;;;;;;;;;;;;;
8;frango;";";frango, -is, fregi, fractum, -ere;||;rompere;;;;;;;;;;;;;;;
9;lego;";";lego, -is, legi, lectum, -ere;||;raccogliere, scegliere, leggere;;;;;;;;;;;;;;;
10;erro;";";erro, -as, -avi, -atum, -are;||;vagabondare;;;;;;;;;;;;;;;
11;exeo;";";exeo, -is, -i(v)i, -itum, -ire;||;uscire;;;;;;;;;;;;;;;
12;contemno;";";contemno, -is, contempsi, contemptum, -ere;||;disprezzare;;;;;;;;;;;;;;;
13;nescio;";";nescio, -is, -i(v)i, -itum, -ire;||;non sapere;;;;;;;;;;;;;;;
14;retineo;";";retineo, -es, -tinui, -tentum, -ere;||;trattenere;;;;;;;;;;;;;;;
;;;;;;;;;;;;;;;;;;;;
;;;;;;;;;;;;;;;;;;;;
*;qui, quae, quod;;qui, quae, quod / cuius, cuius, cuius / cui, cui, cui /quem, quam, quod / quo, qua, quo // qui, quae, quae / quorum, quarum, quorum / quibus, quibus, quibus / quos, quas, quae / quibus, quibus, quibus;";";che, il quale;;;;;;;;;;;;;;;
;;;;;;;;;;;;;;;;;;;;
;;;;;;;;;;;;;;;;;;;;
1;adeo (verbo);";";adeo, -is, -i(v)i, -itum, -ire;||;accostarsi;;;;;;;;;;;;;;;
2;desino;";";desino, -is, -i(v)i, -itum, -ere;||;lasciare, finire, smettere;;;;;;;;;;;;;;;
3;augeo;";";augeo, -es, auxi, auctum, -ere;||;accrescere;;;;;;;;;;;;;;;
4;intersum;";";intersum, interes, interfui, interesse;||;prendere parte;;;;;;;;;;;;;;;
5;aspicio;";";aspicio, -is, -spexi, -spectum, -ere;||;scorgere;;;;;;;;;;;;;;;
6;parco;";";parco, -is, peperci/parsi, parcitum/parsum, -ere;||;risparmiare (regge dativo, accusativo o ablativo);;;;;;;;;;;;;;;
7;confero;";";confero, -fers, -tuli, -latum, -ferre;||;riunire;;;;;;;;;;;;;;;
8;convenio;";";convenio, -is, -veni, -ventum, -ire;||;incontrarsi;;;;;;;;;;;;;;;
9;"concedo (oltre a ""concedere"")";";";concedo, -is, -cessi, -cessum, -ere ;||;ritirarsi;;;;;;;;;;;;;;;
10;valeo;";";valeo, -es, -ui, -itum -ere;||;star bene;;;;;;;;;;;;;;;
11;fallo;";";fallo, -is, fefelli, falsum, -ere;||;ingannare;;;;;;;;;;;;;;;
12;occurro;";";occurro, -is, -curri, -cursum, -ere;||;venire incontro,  in mente;;;;;;;;;;;;;;;
13;statuo;";";statuo, -is, -ui, -utum, -ere;||;stabilire;;;;;;;;;;;;;;;
14;rogo;";";rogo, -as, -avi, -atum, -are;||;chiedere;;;;;;;;;;;;;;;
;;;;;;;;;;;;;;;;;;;;
;;;;;;;;;;;;;;;;;;;;
;;;;;;;;;;;;;;;;;;;;
;;;;;;;;;;;;;;;;;;;;
;;;;;;;;;;;;;;;;;;;;
;;;;;;;;;;;;;;;;;;;;
;;;;;;;;;;;;;;;;;;;;
;;;;;;;;;;;;;;;;;;;;
1;desero;";";desero, -eris, deserui, desertum, -ere;||;abbandonare;;;;;;;;;;;;;;;
2;occīdo;";";occīdo, -is, occidi, occisum, -ere;||;uccidere;;;;;;;;;;;;;;;
3;committo;";";committo, -is, -misi, -missum, -ere;||;riunire, intraprendere;;;;;;;;;;;;;;;
4;consulo;";";consulo, -is, -sului, -sultum, -ere;||;provvedere;;;;;;;;;;;;;;;
5;aufero;";";aufero, -fers, abstuli, ablatum, -ferre;||;portare via;;;;;;;;;;;;;;;
6;consto;";";consto, -as, constiti, -are;||;stare fermo;;;;;;;;;;;;;;;
7;accido;";";accido, -is, -cidi, -cisum, -ere;||;capitare;;;;;;;;;;;;;;;
8;praebeo;";";praebeo, -es, -bui, -bitum, -ere;||;offrire;;;;;;;;;;;;;;;
9;oportet;";";oportet, oportuit, -ere;||;occorre, è opportuno (verbo impersonale - si trova solo alla terza persona);;;;;;;;;;;;;;;
10;pello;";";pello, -is, pépuli, pulsum, -ere;||;respingere;;;;;;;;;;;;;;;
11;pateo;";";pateo, -es,  patui, -ere;||;estendersi;;;;;;;;;;;;;;;
12;gigno;";";gigno, -is, genui, genitum, -ere;||;generare, far nascere;;;;;;;;;;;;;;;
13;supersum;";";supersum, -es, -fui, -esse;||;sopravvivere;;;;;;;;;;;;;;;
14;infero;";";infero, -fers, -tuli, illatum, -ferre;||;spingere, seppellire, presentare;;;;;;;;;;;;;;;
;;;;;;;;;;;;;;;;;;;;
;;;;;;;;;;;;;;;;;;;;
1;ops, -is;;;";";risorsa, aiuto;;;;;;;;;;;;;;;
2;opes, -um;;;";";ricchezze;;;;;;;;;;;;;;;
3;dextera, -ae;;;";";la (mano) destra;;;;;;;;;;;;;;;
4;ara, -ae;;;";";altare;;;;;;;;;;;;;;;
5;praeda, -ae;;;";";bottino;;;;;;;;;;;;;;;
6;facinus, -oris;;;";";azione, impresa, misfatto;;;;;;;;;;;;;;;
7;prex, -ecis;;;";";preghiera;;;;;;;;;;;;;;;
8;tellus, -uris;;;";";terra (poetico);;;;;;;;;;;;;;;
9;comes, -itis;;;";";compagno;;;;;;;;;;;;;;;
10;negotium, -i;;;";";affare;;;;;;;;;;;;;;;
11;furor, -oris;;;";";pazzia;;;;;;;;;;;;;;;
12;sinus, -us;;;";";golfo, seno, piega della veste;;;;;;;;;;;;;;;
13;currus, -us;;;";";carro;;;;;;;;;;;;;;;
14;funus, -eris;;;";";morte;;;;;;;;;;;;;;;
;;;;;;;;;;;;;;;;;;;;
;;;;;;;;;;;;;;;;;;;;
1;patior;";";patior, -eris, passus sum, pati;||;sopportare;;;;;;;;;;;;;;;
2;utor;";";utor, uteris, usus sum, uti;||;servirsi, usare;;;;;;;;;;;;;;;
3;morior;";";morior, -eris, mortuus sum, mori;||;morire;;;;;;;;;;;;;;;
4;loquor;";";loquor, -eris, locutus sum, loqui;||;parlare;;;;;;;;;;;;;;;
5;orior;";";orior, oriris, ortus sum, oriri;||;sorgere;;;;;;;;;;;;;;;
6;queror;";";queror, -eris, questus sum, -eri;||;lamentarsi;;;;;;;;;;;;;;;
7;miror;";";miror, -aris, miratus sum, -ari;||;meravigliarsi;;;;;;;;;;;;;;;
8;proficiscor;";";proficiscor, -eris, -profectus sum, -sci;||;partire;;;;;;;;;;;;;;;
9;moror;";";moror, -aris, -atus sum, -ari;||;indugiare;;;;;;;;;;;;;;;
10;tueor;";";tueor, -eris, tuitus sum, -eri;||;custodire;;;;;;;;;;;;;;;
11;reor;";";reor, -eris, ratus sum, reri;||;pensare;;;;;;;;;;;;;;;
12;fio;";";fio, fis, factum sum, fieri;||;diventare, accadere, essere fatto;;;;;;;;;;;;;;;
13;audeo;";";audeo, -es, ausus sum, audere;||;osare;;;;;;;;;;;;;;;
14;gaudeo;";";gaudeo, -es, gavisus sum, -ere;||;gioire;;;;;;;;;;;;;;;
;;;;;;;;;;;;;;;;;;;;
;;;;;;;;;;;;;;;;;;;;
1;decerno;";";decerno, -is, -crevi, -cretum, -ere;||;stabilire;;;;;;;;;;;;;;;
2;cano;";";cano, -is, cecini, cantum, -are;||;cantare, profetizzare;;;;;;;;;;;;;;;
3;abeo;";";abeo, -is, -i(v)i, -itum, -ire;||;andarsene;;;;;;;;;;;;;;;
4;fleo;";";fleo, -es, flevi, fletum, flere;||;piangere;;;;;;;;;;;;;;;
5;posco;";";posco, -is, poposci, -ere;||;chiedere;;;;;;;;;;;;;;;
6;reperio;";";reperio, -is, re(p)peri, repertum, -ire;||;ritrovare, scoprire;;;;;;;;;;;;;;;
7;"repeto (oltre a ""ripetere"")";";";repeto, -is, -i(v)i, -itum, -ere ;||;attaccare di nuovo, reclamare;;;;;;;;;;;;;;;
8;deficio;";";deficio, -is, -feci, -fectum, -fìcere;||;venir meno;;;;;;;;;;;;;;;
9;fundo;";";fundo, -is, fusi, fundum, -ere;||;"versare  (ma con il paradigma ""fundo, -as, -avi, -atum, -are"" vuol dire ""fondare"", ""consolidare"")";;;;;;;;;;;;;;;
10;discedo;";";discedo, -is, -cessi,  -cessum, -ere;||;andarsene;;;;;;;;;;;;;;;
11;iacto;";";iacto, -as, -avi, -atum, -are;||;gettare;;;;;;;;;;;;;;;
12;condo;";";condo, -is, -didi, -ditum, -ere;||;fondare;;;;;;;;;;;;;;;
13;deduco;";";deduco, -is, -duxi, -ductum, -ere;||;condurre giù, fondare;;;;;;;;;;;;;;;
14;dimitto;";";dimitto, -is, -misi, -missum, -ere;||;congedare;;;;;;;;;;;;;;;
;;;;;;;;;;;;;;;;;;;;
;;;;;;;;;;;;;;;;;;;;
1;tot;;;";"; tanti (aggettivo indeclinabile!);;;;;;;;;;;;;;;
2;pulcher, -a, -um;;;";";bello;;;;;;;;;;;;;;;
3;praeceps, -cipitis (agg.);;;";";"disastroso, rapido (si può trovare anche come nome col significato di ""precipizio, abisso"")";;;;;;;;;;;;;;;
4;foedus, -a, -um;;;";";"ripugnante (si può trovare anche come nome della terza, declinato ""foedus, -eris"", con il significato di ""patto""";;;;;;;;;;;;;;;
5;"varius, -a, -um (oltre a ""vario"")";;;";";mutevole;;;;;;;;;;;;;;;
6;acer, -is, -e;;;";";acuto, aspro, laborioso;;;;;;;;;;;;;;;
7;aeger, -a, -um;;;";";malato;;;;;;;;;;;;;;;
8;dives, -itis;;;";";ricco;;;;;;;;;;;;;;;
9;"vastus, -a, -um (oltre a ""vasto"")";;;";";deserto;;;;;;;;;;;;;;;
10;plerique, pleraeque, pleraque;;;";";gran parte, molti (plurale di plerusque, pleraque, plerumque, ma è raro trovarlo al singolare);;;;;;;;;;;;;;;
11;invitus, -a,- um;;;";";controvoglia;;;;;;;;;;;;;;;
12;asper, -a, -um;;;";";aspro, scosceso;;;;;;;;;;;;;;;
13;fessus, -a, -um;;;";";stanco;;;;;;;;;;;;;;;
14;dirus, -a, -um;;;";";funesto;;;;;;;;;;;;;;;
;;;;;;;;;;;;;;;;;;;;
;;;;;;;;;;;;;;;;;;;;
1;propero;";";propero, -as, -avi, -atum, -are;||;affrettarsi, accelerare;;;;;;;;;;;;;;;
2;pertineo;";";pertineo, -es, -tinui, -ere;||;estendersi, raggiungere, riguardare;;;;;;;;;;;;;;;
3;caedo;";";caedo, -is, cecidi, caesum, -ere;||;uccidere;;;;;;;;;;;;;;;
4;probo;";";probo, -as, -avi, -atum, -are;||;provare, approvare;;;;;;;;;;;;;;;
5;haereo;";";haereo, -es, haesi, haesum, -ere;||;appoggiarsi;;;;;;;;;;;;;;;
6;iungo;";";iungo, -is, iunxi, iunctum, -ere;||;unire;;;;;;;;;;;;;;;
7;tendo;";";tendo, -is, tetendi, tentum/tensum, -ere;||;dirigersi;;;;;;;;;;;;;;;
8;ēdo;";";ēdo, -is, -edidi, editum, ere;||;emettere, far uscire;;;;;;;;;;;;;;;
9;ĕdo;";";ĕdo, -is, -i, -sum, -ere;||;mangiare;;;;;;;;;;;;;;;
10;impleo;";";impleo, -es, -evi, -etum, -ere;||;riempire;;;;;;;;;;;;;;;
11;defero;";";defero, -fers, -tuli, -latum, -ferre;||;portar giù;;;;;;;;;;;;;;;
12;moneo;";";moneo, -es, -ui, -itum, -ere;||;avvertire, avvisare;;;;;;;;;;;;;;;
13;veho;";";veho, -is, vexi, vectum, -ere;||;trasportare;;;;;;;;;;;;;;;
14;careo;";";careo, -es, -ui, -ere;||;non avere, privarsi, desiderare;;;;;;;;;;;;;;;
;;;;;;;;;;;;;;;;;;;;
;;;;;;;;;;;;;;;;;;;;
1;quin (avv.);;;";";In verità, perché non? (quando è interrogativo);;;;;;;;;;;;;;;
2;quotiens;;;";";quante volte;;;;;;;;;;;;;;;
3;praeterea;;;";";inoltre;;;;;;;;;;;;;;;
4;unde;;;";";da dove;;;;;;;;;;;;;;;
5;statim;;;";";subito;;;;;;;;;;;;;;;
6;undique;;;";";da ogni parte;;;;;;;;;;;;;;;
7;olim;;;";";un tempo;;;;;;;;;;;;;;;
8;denique;;;";";infine;;;;;;;;;;;;;;;
9;quondam;;;";";un tempo;;;;;;;;;;;;;;;
10;frustra;;;";";invano;;;;;;;;;;;;;;;
11;solum (avv.);;;";";solamente;;;;;;;;;;;;;;;
12;item;;;";";ugalmente;;;;;;;;;;;;;;;
13;fere;;;";";circa;;;;;;;;;;;;;;;
14;semel;;;";";una volta;;;;;;;;;;;;;;;
;;;;;;;;;;;;;;;;;;;;
;;;;;;;;;;;;;;;;;;;;
1;terreo;";";terreo/perterreo, -es, -terrui, -territum, -ere;||;spaventare;;;;;;;;;;;;;;;
2;"supero (oltre a ""superare"")";";";supero, -as, -avi, -atum, -are;||;sconfiggere;;;;;;;;;;;;;;;
3;obicio;";";obicio, -is, -ieci, -iectum, -ere;||;gettare davanti;;;;;;;;;;;;;;;
4;impello;";";impello, -pellis, impuli, -pulsum,-ere;||;colpire, spingere;;;;;;;;;;;;;;;
5;consisto;";";consisto, -is, constiti, -ere;||;fermarsi;;;;;;;;;;;;;;;
6;dēligo;";";dēligo, -is, -legi, -lectum, -ere;||;scegliere;;;;;;;;;;;;;;;
7;oro;";";oro, -as, -avi, -atum, -are;||;pregare, chiedere;;;;;;;;;;;;;;;
8;tango;";";tango, -is, tetigi, tactum, -ere;||;toccare;;;;;;;;;;;;;;;
9;ruo;";";ruo, -is, rui, rutum (part. fut. ruiturus), -ere;||;precipitarsi, crollare;;;;;;;;;;;;;;;
10;pendeo;";";pendeo, -es, pependi, -ere;||;essere sospeso, pesare;;;;;;;;;;;;;;;
11;respicio;";";respicio, -is, -spexi, -spectum, -ere;||;guardare indietro;;;;;;;;;;;;;;;
12;contendo;";";contendo, -is, contendi, contentum, -ere;||;tirare, lanciare, dirigersi;;;;;;;;;;;;;;;
13;converto;";";converto, -is, -verti, -versum, -ere;||;volgere;;;;;;;;;;;;;;;
14;excutio;";";excutio, -is, excussi, excussum, -ere;||;scuotere via;;;;;;;;;;;;;;;
;;;;;;;;;;;;;;;;;;;;
;;;;;;;;;;;;;;;;;;;;
1;"tempestas, -atis (oltre a ""tempesta"")";;;";";momento;;;;;;;;;;;;;;;
2;numen, -inis;;;";";volontà divina;;;;;;;;;;;;;;;
3;gradus, -us;;;";";passo, posizione;;;;;;;;;;;;;;;
4;moenia, -ium;;;";";mura;;;;;;;;;;;;;;;
5;cornu, -us;;;";";ala dell'esercito;;;;;;;;;;;;;;;
6;nemus, -oris;;;";";bosco;;;;;;;;;;;;;;;
7;solum, -i;;;";";suolo;;;;;;;;;;;;;;;
8;pondus, -eris;;;";";peso;;;;;;;;;;;;;;;
9;coma, -ae;;;";";chioma;;;;;;;;;;;;;;;
10;pedes, -itis;;;";";fante;;;;;;;;;;;;;;;
11;certamen, -inis;;;";";gara;;;;;;;;;;;;;;;
12;aequor, -oris;;;";";distesa (di mare o di terra);;;;;;;;;;;;;;;
13;vestigium, -i;;;";";traccia;;;;;;;;;;;;;;;
14;equitatus, -us;;;";";cavalleria;;;;;;;;;;;;;;;
;;;;;;;;;;;;;;;;;;;;
;;;;;;;;;;;;;;;;;;;;
1;praeter (prep.);;;";";davanti a, oltre (preposizione con l'accusativo);;;;;;;;;;;;;;;
2;supra;;;";";sopra, oltre (preposizione con l'accusativo);;;;;;;;;;;;;;;
3;extra;;;";";fuori, oltre, tranne, senza (preposizione con l'accusativo);;;;;;;;;;;;;;;
4;circum (prep.);;;";";intorno (preposizione con l'accusativo, ma si trova spesso anche come anche avverbio);;;;;;;;;;;;;;;
5;ultra;;;";";al di là, oltre (preposizione con l'accusativo);;;;;;;;;;;;;;;
6;incido;";";incĭdo, -is, incidi, -ere;||;cadere, imbattersi;;;;;;;;;;;;;;;
7;effundo;";";effundo, -is, -fudi, -fusum, -ere;||;versare;;;;;;;;;;;;;;;
8;veto;";";veto, -as, vetui, vetitum, -are;||;vietare;;;;;;;;;;;;;;;
9;perfero;";";perfero, -fers, -tuli, latum, -ferre;||;portare a termine;;;;;;;;;;;;;;;
10;conficio;";";conficio, -is, -feci, -fectum, -fìcere;||;portare a termine;;;;;;;;;;;;;;;
11;"comparo (oltre a ""comparare"")";";";comparo, -as, -avi, -atum, -are;||;preparare, unire;;;;;;;;;;;;;;;
12;insto;";";insto, -as, -stiti, -staturus, -are;||;star sopra;;;;;;;;;;;;;;;
13;lateo;";";lateo, -es, latui, -ere;||;stare nascosto;;;;;;;;;;;;;;;
14;aperio;";";aperio, -is, aperui, apertum, -ire;||;aprire;;;;;;;;;;;;;;;
;;;;;;;;;;;;;;;;;;;;
;;;;;;;;;;;;;;;;;;;;
1;prius;;;";";prima;;;;;;;;;;;;;;;
2;interea;;;";";frattanto;;;;;;;;;;;;;;;
3;subito;;;";";all'improvviso;;;;;;;;;;;;;;;
4;iterum;;;";";di nuovo;;;;;;;;;;;;;;;
5;postea;;;";";in seguito;;;;;;;;;;;;;;;
6;paene;;;";";circa;;;;;;;;;;;;;;;
7;num (avv.);;;";";forse che?;;;;;;;;;;;;;;;
8;cerno;";";cerno, -is, crevi, cretum, -ere;||;scorgere;;;;;;;;;;;;;;;
9;effero;";";effero, -fers, extuli, elatum, -ferre;||;portar fuori;;;;;;;;;;;;;;;
10;figo;";";figo, -is, fixi, fictum, -ere;||;conficcare;;;;;;;;;;;;;;;
11;revoco;";";revoco, -as, -avi, -atum, -are;||;richiamare;;;;;;;;;;;;;;;
12;fingo;";";fingo, -is, finxi, finctum, -ere;||;plasmare;;;;;;;;;;;;;;;
13;ineo;";";ineo, -is, -ivi, -itum, -ire;||;entrare;;;;;;;;;;;;;;;
14;alo;";";alo, -is, alui, altum, -ere;||;nutrire;;;;;;;;;;;;;;;
;;;;;;;;;;;;;;;;;;;;
;;;;;;;;;;;;;;;;;;;;
*;hic, haec, hoc;";";hic, haec, hoc / huius, huius, huius / huic, huic, huic / hunc, hanc, hoc / hoc, hac, hoc // hi, hae, heac / horum, harum, horum / his, his, his / hos, has, haec / his, his, his;||;questo, costui;;;;;;;;;;;;;;;
*;iste, -a, -ud;";";iste, ista, istud / istius, istius, istius / isti, isti, isti / istum, istam, istud /isto, ista, isto // isti, istae, ista / istorum, istarum, istorum / istis, istis, istis / istos, istas, ista / istis, istis, istis;||;costui;;;;;;;;;;;;;;;
*;ille, -a, -ud;";";ille, illa, illud / illius, illius, illius / illi, illi, illi / illum, illam, illud /illo, illa, illo // illi, illae, illa / illorum, illarum, illorum / illis, illis, illis / illos, illas, illa / illis, illis, illis;||;quello;;;;;;;;;;;;;;;
*;idem, eadem, idem;";";idea, eadem, idem / eiusdem, eiusdem, eiusdem / eidem, eidem, eidem /eundem, eandem, idem / eodem, eadem, eodem // iidem (eidem/idem), eaedem, eadem / eorundem, earundem, eorundem / iisdem (eisdem/isdem), iisdem (eisdem/isdem), iisdem (eisdem/isdem) / eosdem, easdem, eadem / iisdem (eisdem/isdem), iisdem (eisdem/isdem), iisdem (eisdem/isdem);||;medesimo;;;;;;;;;;;;;;;
*;ipse, -a,- um;";";ipse, ipsa, ipsum / ipsius, ipsius, ipsius / ipsi, ipsi, ipsi / ipsum, ipsam, ipsum / ipso, ipsa, ipso // ipsi, ipsae, ipsa / ipsorum, ipsarum, ipsorum / ipsis, ipsis, ipsis / ipsos, ipsas, ipsa / ipsis, ipsis, ipsis;||;stesso;;;;;;;;;;;;;;;
;;;;;;;;;;;;;;;;;;;;
;;;;;;;;;;;;;;;;;;;;
1;donec;";";;||;finché;;;;;;;;;;;;;;;
2;quin (cong.);";";;||;che non;;;;;;;;;;;;;;;
3;neve;";";;||;né;;;;;;;;;;;;;;;
4;differo;";";differo, -fers, distuli, dilatum, -ferre;||;disporre, differire, rinviare;;;;;;;;;;;;;;;
5;colligo;";";colligo, -is, -legi, -lectum, -ere;||;raccogliere;;;;;;;;;;;;;;;
6;vito;";";vito, -as, -avi, -atum, -are;||;evitare;;;;;;;;;;;;;;;
7;pareo;";";pareo, -es, parui, paritum, -ere;||;apparire;;;;;;;;;;;;;;;
8;sino;";";sino, -is, sivi, situm, -ere;||;permettere;;;;;;;;;;;;;;;
9;effugio;";";effugio, -is, -fugi, -fugitum, -fugere;||;sfuggire;;;;;;;;;;;;;;;
10;excito;";";excito, -as, -avi, -atum, -are;||;suscitare, svegliare, incitare;;;;;;;;;;;;;;;
11;evenio;";";evenio, -is, .veni, -ventum, -ire;||;uscire, accadere;;;;;;;;;;;;;;;
12;obsideo;";";obsideo, -es, -sedi, -sessum, -ere;||;abitare, assediare;;;;;;;;;;;;;;;
13;praecipio;";";praecipio, -is, praecepi, praeceptum, -ere;||;istruire;;;;;;;;;;;;;;;
14;instituo;";";instituo, -is, institui, institutum, -ere;||;stabilire;;;;;;;;;;;;;;;
;;;;;;;;;;;;;;;;;;;;
;;;;;;;;;;;;;;;;;;;;
1;reus, -i;;;";";imputato, accusato, colpevole;;;;;;;;;;;;;;;
2;limen, -inis;;;";";soglia;;;;;;;;;;;;;;;
3;habitus, -us;;;";";aspetto;;;;;;;;;;;;;;;
4;arx, -is;;;";";rocca;;;;;;;;;;;;;;;
5;fax, -acis;;;";";fiaccola;;;;;;;;;;;;;;;
6;nefas;;;";";azione illecita (sostantivo indeclinabile;;;;;;;;;;;;;;;
7;aes, -eris;;;";";bronzo, denaro;;;;;;;;;;;;;;;
8;arena/harena, -ae;;;";";sabbia;;;;;;;;;;;;;;;
9;clades, -is;;;";";strage;;;;;;;;;;;;;;;
10;robur, -oris;;;";";"quercia, forza (forza statica ma può supplire il genitivo e dativo singolare di ""vis"")";;;;;;;;;;;;;;;
11;ratis, -is;;;";";zattera;;;;;;;;;;;;;;;
12;dolus, -i;;;";";inganno;;;;;;;;;;;;;;;
13;ictus, -us;;;";";colpo;;;;;;;;;;;;;;;
14;humus, -i;;;";";terra;;;;;;;;;;;;;;;
;;;;;;;;;;;;;;;;;;;;
;;;;;;;;;;;;;;;;;;;;
1;fateor;";";fateor, -eris, fassum sum, -eri;||;confessare;;;;;;;;;;;;;;;
2;labor;";";labor,  -eris, lapsus sum, labi;||;scivolare;;;;;;;;;;;;;;;
3;intueor;";";intueor, -eris, intuitus sum, -eri;||;scrutare, considerare;;;;;;;;;;;;;;;
4;hortor;";";hortor, -aris, hortatus sum, -ari;||;esortare;;;;;;;;;;;;;;;
5;vereor;";";vereor, -eris, veritus sum, -eri;||;temere;;;;;;;;;;;;;;;
6;ingredior;";";ingredior, -eris, ingressus sum, -edi;||;entrare;;;;;;;;;;;;;;;
7;egredior;";";egredior, -eris, egressus sum, -edi;||;uscire;;;;;;;;;;;;;;;
8;obliviscor;";";obliviscor, -eris, -itus sum, -isci;||;dimenticare;;;;;;;;;;;;;;;
9;conor;";";conor, -aris, -atus sum, -ari;||;tentare;;;;;;;;;;;;;;;
10;"aggredior (oltre ad ""aggredire"")";";";aggredior, -eris,  aggressus sum, -edi ;||;avvicinarsi;;;;;;;;;;;;;;;
11;complector;";";complector, -eris, complexus sum, complecti;||;abbracciare;;;;;;;;;;;;;;;
12;fruor;";";fruor, -eris, fruitus/fructus sum, frui;||;fruire, godere (con l'ablativo o l'accusativo);;;;;;;;;;;;;;;
13;nitor;";";nitor, -eris, nisus/nixus sum, niti;||;appoggiarsi su, sforzarsi di;;;;;;;;;;;;;;;
14;polliceor;";";polliceor, -eris, pollicitus sum, polliceri;||;promettere;;;;;;;;;;;;;;;
;;;;;;;;;;;;;;;;;;;;
;;;;;;;;;;;;;;;;;;;;
1;nuntius, -i;;;";";messaggero;;;;;;;;;;;;;;;
2;hiems, -emis;;;";";inverno;;;;;;;;;;;;;;;
3;conspectus, -us;;;";";sguardo;;;;;;;;;;;;;;;
4;epistula, -ae;;;";";lettera;;;;;;;;;;;;;;;
5;captivus, -i;;;";";prigioniero;;;;;;;;;;;;;;;
6;vates, -is;;;";";veggente;;;;;;;;;;;;;;;
7;arvum, -i;;;";";campo;;;;;;;;;;;;;;;
8;obses, -idis;;;";";ostaggio;;;;;;;;;;;;;;;
9;adventus, -us;;;";";arrivo;;;;;;;;;;;;;;;
10;impedimentum, -i;;;";";ostacolo, intralcio;;;;;;;;;;;;;;;
11;impedimenta, -orum;;;";";bagagli;;;;;;;;;;;;;;;
12;os, ossis;;;";";osso;;;;;;;;;;;;;;;
13;inopia, -ae;;;";";povertà, mancanza;;;;;;;;;;;;;;;
14;aditus, -us;;;";";accesso;;;;;;;;;;;;;;;
;;;;;;;;;;;;;;;;;;;;
;;;;;;;;;;;;;;;;;;;;
1;agnosco;";";agnosco, -is, -novi, -notum, -ere;||;riconoscere;;;;;;;;;;;;;;;
2;impedio;";";impedio, -is, -i(v)i, -itum, -ire;||;impedire, ostacolare;;;;;;;;;;;;;;;
3;vincio;";";vincio, -is, vinxi, vinctum, -ire;||;legare;;;;;;;;;;;;;;;
4;intendo;";";intendo, -is, -tendi, -tentum, -ere;||;dirigersi, rivolgersi;;;;;;;;;;;;;;;
5;obtineo;";";obtineo, -es, -tinui, -tentum, -ere;||;trattenere;;;;;;;;;;;;;;;
6;conspicio;";";conspicio, -is, -spexi, -spectum, -ere;||;scorgere;;;;;;;;;;;;;;;
7;pario;";";pario, -is, peperi, partum, -ere;||;generare;;;;;;;;;;;;;;;
8;tempero;";";tempero, -as, -avi, -atum, -are;||;amministrare (regge l'accusativo), trattenere (regge dativo o ablativo);;;;;;;;;;;;;;;
9;instruo;";";instruo, -is, instruxi, instructum, -ere;||;schierare;;;;;;;;;;;;;;;
10;excedo;";";excedo, -cedi, -cessi, -cessum, -ere;||;uscire;;;;;;;;;;;;;;;
11;certo;";";certo, -as, -avi, -atum, -are;||;gareggiare;;;;;;;;;;;;;;;
12;servio;";";servio, -is, -i(v)i, -itum, -ire;||;servire (regge l'accusativo), essere schiavo (regge il dativo);;;;;;;;;;;;;;;
13;postulo;";";postulo, -as, -avi, -atum, -are;||;chiedere;;;;;;;;;;;;;;;
14;expedio;";";expedio, -is, -i(v)i, -itum, -ire;||;liberare;;;;;;;;;;;;;;;
;;;;;;;;;;;;;;;;;;;;
;;;;;;;;;;;;;;;;;;;;
1;ferus, -a, -um;;;";";feroce, selvaggio;;;;;;;;;;;;;;;
2;ater, atra, atrum;;;";";nero;;;;;;;;;;;;;;;
3;creber, -a, -um;;;";";frequente;;;;;;;;;;;;;;;
4;inanis, -e;;;";";vuoto;;;;;;;;;;;;;;;
5;pauper, -eris;;;";";povero;;;;;;;;;;;;;;;
6;latus, -a, -um;;;";";largo;;;;;;;;;;;;;;;
7;quot;;;";";quanti (aggettivo indeclinabile!) ;;;;;;;;;;;;;;;
8;universus, -a, -um;;;";";tutto quanto;;;;;;;;;;;;;;;
9;geminus, -a, -um;;;";";gemello;;;;;;;;;;;;;;;
10;lenis, -e;;;";";delicato;;;;;;;;;;;;;;;
11;potior, -oris;;;";";preferibile, più potente (comparativo di potis, -e);;;;;;;;;;;;;;;
12;complures, -ia;;;";";parecchi;;;;;;;;;;;;;;;
13;laevus, -a, -um;;;";";sinistro;;;;;;;;;;;;;;;
14;peritus, -a, -um;;;";";esperto;;;;;;;;;;;;;;;
;;;;;;;;;;;;;;;;;;;;
;;;;;;;;;;;;;;;;;;;;
1;verso;";";verso, -as, -avi, -atum, -are;||;rivolgere;;;;;;;;;;;;;;;
2;provideo;";";provideo, -es, -vidi, -visum, -ere;||;provvedere,  prevedere;;;;;;;;;;;;;;;
3;consido;";";consido, -is, -sedi, -sessum, -ere;||;insediarsi;;;;;;;;;;;;;;;
4;ludo;";";ludo, -is, lusi, lusum, -ere;||;giocare;;;;;;;;;;;;;;;
5;afficio;";";afficio, -is, -feci, -fectum, -fìcere;||;influenzare, infliggere;;;;;;;;;;;;;;;
6;mereo;";";mereo, -es, -rui, -itum, -ere;||;meritare;;;;;;;;;;;;;;;
7;perficio;";";perficio, -is, -feci, -fectum, -ere;||;portare a termine;;;;;;;;;;;;;;;
8;demitto;";";demitto, -is, -misi, -missum, -ere;||;abbassare;;;;;;;;;;;;;;;
9;mando;";";mando, -as, -avi, -atum, -are;||;affidare;;;;;;;;;;;;;;;
10;iacio;";";iacio, -is, ieci, iactum, -ere;||;gettare;;;;;;;;;;;;;;;
11;seco;";";seco, -as, secui, sectum, -are;||;tagliare;;;;;;;;;;;;;;;
12;ignosco;";";ignosco, -is, -ovi, -otum, -ere;||;perdonare (regge il dativo);;;;;;;;;;;;;;;
13;averto;";";averto, -is, -verti, -versum, -ere;||;distogliere;;;;;;;;;;;;;;;
14;adhibeo;";";adhibeo, -es, -bui, -bitum, -ere;||;usare;;;;;;;;;;;;;;;
;;;;;;;;;;;;;;;;;;;;
;;;;;;;;;;;;;;;;;;;;
*;quis?, quid?;";";"quis?, quid? / cuius?, cuius rei? / cui?, cui rei? /quem?, quid? / quo?, quo?(qua re?) // qui?, quae? / quorum?, quarum rerum? / quibus?, quibus rebus? / quos, quae? / quibus?, quibus rebus? |||L'aggettivo è ""qui?, quae?, quod?"" , e si declina come il relativo ""qui, quae, quod""";||;Chi? Che cosa? Che?;;;;;;;;;;;;;;;
*;quis, quid;";";"quis, quid / cuius, cuius rei / cui, cui rei /quem, quid / quo, quo (qua re) // qui, quae (qua) / quorum, quarum rerum / quibus, quibus rebus / quos, quae / quibus, quibus rebus||| L'aggettivo è ""qui, quae, quod"" , e si declina come il relativo ""qui, quae, quod""";||;qualcuno, uno, qualche cosa (frasi ipotetiche);;;;;;;;;;;;;;;
*;aliquis, aliquid;";";"Aliquis, aliquid / alicuius, alicuius rei / alicui, alicui rei / aliquem, aliquid / aliquo, aliquo (aliqua re) // aliqui, aliqua / aliquorum, aliquarum rerum / aliquibus, aliquibus rebus / aliquos, aliqua /  aliquibus, aliquibus rebus ||| L'aggettivo è ""aliquis, aliqua, aliquod"", e si declina come il relativo ""qui, quae, quod""";||;qualcuno, uno, qualche cosa (frasi affermative);;;;;;;;;;;;;;;
*;quisquam, quidquam;";";"quisquam, quidquam / cuiusquam, ullius rei / cuiquam, ulli rei / quemquam, quidquam / quoquam, ulla re // ulli, ullae, ulla / ullorum, ullarum, ullorum / ullis, ullis, ullis / ullos, ullas, ulla / ullis, ullis, ullis ||| L' aggettivo è ""ullus, -a, -um"", e si declina come un aggettivo della prima classe.";||;qualcuno, uno, qualche cosa (frasi negative);;;;;;;;;;;;;;;
*;quidam, quaedam, quiddam;";";"quidam, quaedam, quiddam / cuiusdam, cuiusdam, cuiusdam / cuidam, cuidam, cuidam / quendam, quandam, quidam / quodam, quadam, quodam // quidam, quaedam, quaedam / quorundam, quarundam, quorundam /quibusdam, quibusdam, quibusdam /quosdam, quasdam, quaedam /quibusdam, quibusdam, quibusdam ||| L'aggettivo è uguale, tranne che per il nominativo e accusativo neutro singolare che fanno ""quoddam""";||;un tale, un qualcosa;;;;;;;;;;;;;;;
*;quisque, quidque;";";"quisque, quidque (o quicque) / cuiusque, cuiusque rei / cuique, cuique rei /quemque, quidque / quoque, quoque (qua re) // quique, quaeque (qua) / quorumque, quarumque rerum / quibusque, quibusque rebus / quosque, quaeque / quibusque, quibusque rebus||| L'aggettivo è ""quisque, quaeque, quodque”, e si declina come il relativo “qui, quae, quod”";||;ciascuno;;;;;;;;;;;;;;;
;;;;;;;;;;;;;;;;;;;;
;;;;;;;;;;;;;;;;;;;;
*;quicumque, quaecumque, quodcumque;";";quicumque, quaecumque, quodcumque / cuiuscumque, cuiuscumque, cuiuscumque / cuicumque, cuicumque, cuicumque /quemcumque, quamcumque, quodcumque / quocumque, quacumque, quocumque // quicumque, quaecumque, quaecumque / quorumcumque quarumcumque, quorumcumque / quibuscumque, quibuscumque, quibuscumque / quoscumque, quascumque, quaecumque / quibuscumque, quibuscumque, quibuscumque ||| l'aggettivo è identico;||;chiunque, qualunque cosa;;;;;;;;;;;;;;;
*;quisquis, quidquid;";";quisquis, quidquid / cuicuimodi, cuicuimodi / - , - / - , - / quoquo, quoquo / / - , - /- , - /- , - /- , - /- , - / ||| L'aggettivo è identico;||;chiunque, qualunque cosa;;;;;;;;;;;;;;;
*;nemo, nihil;";";"nemo, nihil (nil) / nullius (neminis), nullius rei / nemini, nulli re / neminem, nihil (nil) / nullo (nemine), nulla re |||  L' aggettivo è ""nullus, -a, -um"", e si declina come un aggettivo della prima classe.";||;nessuno, nessuna cosa (niente);;;;;;;;;;;;;;;
*;uterque, utraque, utrumque;";";uterque, utraque, utrumque / utrique, utraeque, utrique / utroque, utraeque, utroque / utrumque, utramque, utrumque / utroque, utraque, utroque // utrique, utraeque, utraque / utrorumque, utrarumque, utrorumque / utrisque, utrisque, utrisque / utrosque, utrasque, utraque / utrisque, utrisque, utrisque ||| l'aggettivo è identico;||;ciascuno dei due, entrambi;;;;;;;;;;;;;;;
*;plerusque, pleraque, plerumque;";";plerusque, pleraque, plerumque / plerique, pleraeque, plerique / pleroque, pleraeque, plaroque / plerumque, pleramque, plerumque / pleroque, pleraque, pleroque // plerique, pleraeque, pleraque / plerorumque, plerarumque, plerorumque / plerisque, plerisque, plerisque / plerosque, plerasque, pleraque / plerisque, plerisque, plerisque ||| l'aggettivo è identico;||;la maggior parte;;;;;;;;;;;;;;;
;;;;;;;;;;;;;;;;;;;;
;;;;;;;;;;;;;;;;;;;;
1;lapis, -idis;;;";";sasso;;;;;;;;;;;;;;;
2;sagitta, -ae;;;";";freccia;;;;;;;;;;;;;;;
3;aestus, -us;;;";";calore, marea;;;;;;;;;;;;;;;
4;"altitudo, -inis (oltre a ""altezza"")";;;";";profondità;;;;;;;;;;;;;;;
5;saevitia, -ae;;;";";crudeltà;;;;;;;;;;;;;;;
6;ludus, -i;;;";";gioco, scuola;;;;;;;;;;;;;;;
7;torus, -i;;;";";nastro, matrimonio, letto nuziale;;;;;;;;;;;;;;;
8;fas;;;";";lecito (sostantivo indeclinabile);;;;;;;;;;;;;;;
9;cor, -dis;;;";";cuore;;;;;;;;;;;;;;;
10;subsidium, -i ;;;";";riserva, truppe di rinforzo, soccorso;;;;;;;;;;;;;;;
11;crinis, -is;;;";";capello;;;;;;;;;;;;;;;
12;avus, -i;;;";";nonno;;;;;;;;;;;;;;;
13;bos, -ovis;;;";";bue (ricorda che al genitivo plurale fa “boum”, e al dativo/ablativo plurale può fare “bobus” o “bubus”);;;;;;;;;;;;;;;
14;Iuppiter, Iovis;;;";";"Giove (ricorda che il resto della declinazione segue ""iovis"")";;;;;;;;;;;;;;;
;;;;;;;;;;;;;;;;;;;;
;;;;;;;;;;;;;;;;;;;;
1;volvo;";";volvo, -is, volvi, volutum, -ere;||;girare;;;;;;;;;;;;;;;
2;aequo;";";aequo, -as, -avi, -atum, -are;||;spianare, paragonare;;;;;;;;;;;;;;;
3;deicio;";";deicio, -is, -ieci, -iectum, -ere;||;buttar giù;;;;;;;;;;;;;;;
4;sterno;";";sterno, -is, stravi, stratum, sternere;||;spargere, distendersi;;;;;;;;;;;;;;;
5;haurio;";";haurio, -is, hausi, haustum, -ire;||;attingere;;;;;;;;;;;;;;;
6;subicio;";";subicio, -is, -ieci, -iectum, -ere;||;mettere sotto;;;;;;;;;;;;;;;
7;praesum;";";praesum, praees, praefui, praeesse;||;essere a capo;;;;;;;;;;;;;;;
8;corripio;";";corripio, -is, -ripui, -reptum, -ere;||;impossessarsi;;;;;;;;;;;;;;;
9;proicio;";";proicio, -is, -ieci, -iectum, -ere;||;protendere, scacciare;;;;;;;;;;;;;;;
10;recuso;";";recuso, -as, -avi, -atum, -are;||;rifiutare;;;;;;;;;;;;;;;
11;loco;";";loco, -as, -avi, -atum, -are;||;collocare;;;;;;;;;;;;;;;
12;occĭdo;";";occĭdo, -is, occidi, occasum, -ere;||;cadere, morire, tramontare;;;;;;;;;;;;;;;
13;"commoveo (oltre a ""commuovere"")";";";commoveo, -moves, -movi, -motum, -movere;||;muovere con forza;;;;;;;;;;;;;;;
14;circumvenio;";";circumvenio, -venis, -veni, -ventum, -venire;||;circondare;;;;;;;;;;;;;;;
;;;;;;;;;;;;;;;;;;;;
;;;;;;;;;;;;;;;;;;;;
1;demum;;;;certamente, alla fine;;;;;;;;;;;;;;;
2;antea;;;;prima;;;;;;;;;;;;;;;
3;cotidie;;;;ogni giorno;;;;;;;;;;;;;;;
4;bis;;;;due volte;;;;;;;;;;;;;;;
5;equidem;;;;senza dubbio;;;;;;;;;;;;;;;
6;acriter;;;;con forza;;;;;;;;;;;;;;;
7;circiter (avv.);;;;"circa (ma può essere anche preposizione con l'accusativo e in quel caso significa ""verso"")";;;;;;;;;;;;;;;
8;penitus (avv.);;;;profondamente;;;;;;;;;;;;;;;
9;iuxta (avv.);;;;accanto, parimenti;;;;;;;;;;;;;;;
10;paulo;;;;poco, un po';;;;;;;;;;;;;;;
11;profecto;;;;senz'altro;;;;;;;;;;;;;;;
12;omnino;;;;del tutto;;;;;;;;;;;;;;;
13;nequiquam;;;;invano;;;;;;;;;;;;;;;
14;nuper;;;;recentemente, poco fa;;;;;;;;;;;;;;;
;;;;;;;;;;;;;;;;;;;;
;;;;;;;;;;;;;;;;;;;;
1;arbitror;";";arbitror, -aris, -atus sum, -ari;||;ritenere;;;;;;;;;;;;;;;
2;persequor;";";"persequor, -eris, persecutus sum, -sequi (oltre a ""perseguire"")";||;inseguire, narrare;;;;;;;;;;;;;;;
3;for;";";for, faris, fatus sum, fari;||;dire (poetico);;;;;;;;;;;;;;;
4;testor;";";testor, -aris, testatus sum, -ari;||;testimoniare, attestare;;;;;;;;;;;;;;;
5;potior;";";potior, -iris, potitus sum, -iri;||;impadronirsi;;;;;;;;;;;;;;;
6;versor;";";versor, -aris, -atus sum, -ari;||;volgere, trovarsi;;;;;;;;;;;;;;;
7;confiteor;";";confiteor, -eris, confessus sum, -eri;||;confessare;;;;;;;;;;;;;;;
8;molior;";";molior, -iris, molitus sum, -iri;||;macchinare;;;;;;;;;;;;;;;
9;comitor;";";comitor, -aris, comitatus sum, -ari;||;accompagnare;;;;;;;;;;;;;;;
10;miseror;";";miseror, -aris, -atus sum, -ari;||;commiserare;;;;;;;;;;;;;;;
11;cohortor;";";cohortor, -aris, -atus sum, -ari;||;esortare;;;;;;;;;;;;;;;
12;adorior;";";adorior, -iris, adortus sum, -iri;||;assalire;;;;;;;;;;;;;;;
13;affor;";";affor, -aris, affatus sum, -ari;||;parlare;;;;;;;;;;;;;;;
14;furor;";";furor, -aris, -atus sum, -ari;||;rubare;;;;;;;;;;;;;;;
;;;;;;;;;;;;;;;;;;;;
;;;;;;;;;;;;;;;;;;;;
1;vadum, -i;;;";";guado;;;;;;;;;;;;;;;
2;minister, ministri;;;";";servitore, collaboratore;;;;;;;;;;;;;;;
3;munitio, -onis;;;";";fortificazione;;;;;;;;;;;;;;;
4;pelagus, -i;;;";";mare (poetico) (ricorda che è neutro della seconda);;;;;;;;;;;;;;;
5;ortus, -us;;;";";nascita, oriente;;;;;;;;;;;;;;;
6;commeatus, -us;;;";";convoglio, vettovaglie;;;;;;;;;;;;;;;
7;lucus, -i;;;";";bosco;;;;;;;;;;;;;;;
8;agger, eris;;;";";terrapieno;;;;;;;;;;;;;;;
9;hiberna, -orum;;;";";accampamenti invernali;;;;;;;;;;;;;;;
10;rus, ruris;;;";";campagna;;;;;;;;;;;;;;;
11;letum, -i;;;";";morte;;;;;;;;;;;;;;;
12;ensis, -is;;;";";spada;;;;;;;;;;;;;;;
13;nauta, -ae;;;";";marinaio;;;;;;;;;;;;;;;
14;deditio, -onis;;;";";resa;;;;;;;;;;;;;;;
;;;;;;;;;;;;;;;;;;;;
;;;;;;;;;;;;;;;;;;;;
1;confirmo;";";confirmo, -as, -avi, -atum, -are;||;rafforzare;;;;;;;;;;;;;;;
2;compleo;";";compleo, -es, -evi, -etum, -ere;||;riempire;;;;;;;;;;;;;;;
3;comprehendo;";";comprehendo, -is, -prehendi, -prehensum, -ere;||;catturare;;;;;;;;;;;;;;;
4;conscribo;";";conscribo, -is, -scripsi, -scriptum, -ere;||;arruolare;;;;;;;;;;;;;;;
5;concito;";";concito, -as, -avi, -atum, -are;||;incitare;;;;;;;;;;;;;;;
6;conicio;";";conicio, -is, -ieci, -iectum, -ere;||;gettare;;;;;;;;;;;;;;;
7;neglego;";";neglego, -is, -lexi, -lectum, -ere;||;trascurare;;;;;;;;;;;;;;;
8;refert;";";refert, retulit, referre;||;importa (verbo impersonale - si trova solo alla terza persona);;;;;;;;;;;;;;;
9;munio;";";munio, -is, i(v)i, -itum, -ire;||;fortificare;;;;;;;;;;;;;;;
10;adiungo;";";adiungo, -is, adiunxi, adiunctum, -ere;||;unire;;;;;;;;;;;;;;;
11;arcesso;";";arcesso, -is, -i(v)i, -itum, -ere;||;far chiamare;;;;;;;;;;;;;;;
12;impetro;";";impetro, -as, -avi, -atum, -are;||;supplicare;;;;;;;;;;;;;;;
13;faveo;";";faveo, -es, favi, fatum, -ere;||;sostenere (regge il dativo), augurare (regge l'infinitiva o ut+cong.);;;;;;;;;;;;;;;
14;attingo;";";attingo, -is, -tigi, -tactum, -ere;||;toccare;;;;;;;;;;;;;;;
;;;;;;;;;;;;;;;;;;;;
;;;;;;;;;;;;;;;;;;;;
*;ne;;;";";CONGIUNZIONE : come circostanziale finale = affinché non, per non // come volitiva = che non // come circostanziale consecutiva = che non // con verba impediendi e recusandi = che // con verba timendi = che ||| AVVERBIO: non, né;;;;;;;;;;;;;;;
*;ut;;;";";CONGIUNZIONE : come circostanziale finale = affinché , per  // come volitiva = che  // come circostanziale consecutiva = che  // come completiva esprimente constatazione = che //  con verba timendi = che ||| AVVERBIO: come;;;;;;;;;;;;;;;
*;ne... quidem;;;";";neppure;;;;;;;;;;;;;;;
*;se vertere;;;";";dirigersi;;;;;;;;;;;;;;;
*;se recipere;;;";";ritirarsi;;;;;;;;;;;;;;;
*;se dedere;;;";";arrendersi;;;;;;;;;;;;;;;
;;;;;;;;;;;;;;;;;;;;
;;;;;;;;;;;;;;;;;;;;
1;lacesso;";";lacesso  -is  -ivi  -itum  -essere;||;provocare;;;;;;;;;;;;;;;
2;requiro;";";requiro, -iris, -quisi(v)i, -quisitum, -quirere;||;chiedere;;;;;;;;;;;;;;;
3;animadverto;";";animadverto, -vertis, -verti, -versum, -ere;||;avvertire (=accorgersi);;;;;;;;;;;;;;;
4;exsisto;";";exsisto, -is, existiti, -ere;||;comparire;;;;;;;;;;;;;;;
5;eicio;";";eicio, -is, eieci, eiectum, -ere;||;espellere;;;;;;;;;;;;;;;
6;fugo;";";fugo, -as, -avi, -atum, -are;||;mettere in fuga;;;;;;;;;;;;;;;
7;abdo;";";abdo, -is, -idi, -itum , -ere;||;nascondere;;;;;;;;;;;;;;;
8;vasto;";";vasto, -as, -avi, -atum, -are;||;devastare;;;;;;;;;;;;;;;
9;praeficio;";";praeficio, -is, -feci, -fectum, -fìcere;||;mettere a capo;;;;;;;;;;;;;;;
10;consuesco;";";consuesco, -is, -suevi, -suetum, -ere;||;abituarsi;;;;;;;;;;;;;;;
11;"sollicito (oltre a ""sollecitare"")";";";sollicito, -as, -avi, -atum, -are ;||;turbare;;;;;;;;;;;;;;;
12;dimico;";";dimico, -as, -avi, -atum, -are;||;combattere;;;;;;;;;;;;;;;
13;perspicio;";";perspicio, -is, -spexi, -spectum, -ere;||;intravvedere;;;;;;;;;;;;;;;
14;pando;";";pando, -is, pandi, pansum, -ere;||;distendere;;;;;;;;;;;;;;;
;;;;;;;;;;;;;;;;;;;;
;;;;;;;;;;;;;;;;;;;;
1;aedes (-is), -is;";";;||;tempio;;;;;;;;;;;;;;;
2;aedes, -ium;";";;||;casa;;;;;;;;;;;;;;;
3;magister, magistri;";";;||;maestro;;;;;;;;;;;;;;;
4;concilium, -i;";";;||;riunione;;;;;;;;;;;;;;;
5;vicus,- i;";";;||;villaggio;;;;;;;;;;;;;;;
6;hortus, -i;";";;||;giardino;;;;;;;;;;;;;;;
7;ver, -eris;";";;||;primavera;;;;;;;;;;;;;;;
8;omen, -inis;";";;||;presagio;;;;;;;;;;;;;;;
9;"monumentum, -i (oltre a ""monumento"")";";";;||;ricordo;;;;;;;;;;;;;;;
10;incola, -ae;";";;||;abitante;;;;;;;;;;;;;;;
11;scopulus, -i;";";;||;scoglio;;;;;;;;;;;;;;;
12;cubile, -is;";";;||;giaciglio, tana;;;;;;;;;;;;;;;
13;sonitus, -us;";";;||;rimbombo;;;;;;;;;;;;;;;
14;gurges, -itis;";";;||;gorgo;;;;;;;;;;;;;;;
;;;;;;;;;;;;;;;;;;;;
;;;;;;;;;;;;;;;;;;;;
;;;;;;;;;;;;;;;;;;;;
;;;;;;;;;;;;;;;;;;;;
;;;;;;;;;;;;;;;;;;;;
;;;;;;;;;;;;;;;;;;;;
;;;;;;;;;;;;;;;;;;;;
;;;;;;;;;;;;;;;;;;;;
;;;;;;;;;;;;;;;;;;;;
;;;;;;;;;;;;;;;;;;;;
;;;;;;;;;;;;;;;;;;;;
;;;;;;;;;;;;;;;;;;;;
;;;;;;;;;;;;;;;;;;;;
;;;;;;;;;;;;;;;;;;;;
;;;;;;;;;;;;;;;;;;;;
;;;;;;;;;;;;;;;;;;;;
;;;;;;;;;;;;;;;;;;;;
;;;;;;;;;;;;;;;;;;;;
;;;;;;;;;;;;;;;;;;;;
;;;;;;;;;;;;;;;;;;;;
;;;;;;;;;;;;;;;;;;;;
;;;;;;;;;;;;;;;;;;;;
;;;;;;;;;;;;;;;;;;;;
;;;;;;;;;;;;;;;;;;;;
;;;;;;;;;;;;;;;;;;;;
;;;;;;;;;;;;;;;;;;;;
;;;;;;;;;;;;;;;;;;;;
;;;;;;;;;;;;;;;;;;;;
;;;;;;;;;;;;;;;;;;;;
;;;;;;;;;;;;;;;;;;;;
;;;;;;;;;;;;;;;;;;;;
;;;;;;;;;;;;;;;;;;;;
;;;;;;;;;;;;;;;;;;;;
;;;;;;;;;;;;;;;;;;;;
;;;;;;;;;;;;;;;;;;;;
;;;;;;;;;;;;;;;;;;;;
;;;;;;;;;;;;;;;;;;;;
;;;;;;;;;;;;;;;;;;;;
;;;;;;;;;;;;;;;;;;;;
;;;;;;;;;;;;;;;;;;;;
;;;;;;;;;;;;;;;;;;;;
;;;;;;;;;;;;;;;;;;;;
;;;;;;;;;;;;;;;;;;;;
;;;;;;;;;;;;;;;;;;;;
;;;;;;;;;;;;;;;;;;;;
;;;;;;;;;;;;;;;;;;;;
;;;;;;;;;;;;;;;;;;;;
;;;;;;;;;;;;;;;;;;;;
;;;;;;;;;;;;;;;;;;;;
;;;;;;;;;;;;;;;;;;;;
;;;;;;;;;;;;;;;;;;;;
;;;;;;;;;;;;;;;;;;;;
;;;;;;;;;;;;;;;;;;;;
;;;;;;;;;;;;;;;;;;;;
;;;;;;;;;;;;;;;;;;;;
;;;;;;;;;;;;;;;;;;;;
;;;;;;;;;;;;;;;;;;;;
;;;;;;;;;;;;;;;;;;;;
;;;;;;;;;;;;;;;;;;;;
;;;;;;;;;;;;;;;;;;;;
;;;;;;;;;;;;;;;;;;;;
;;;;;;;;;;;;;;;;;;;;
;;;;;;;;;;;;;;;;;;;;
;;;;;;;;;;;;;;;;;;;;
;;;;;;;;;;;;;;;;;;;;
;;;;;;;;;;;;;;;;;;;;
;;;;;;;;;;;;;;;;;;;;
;;;;;;;;;;;;;;;;;;;;
;;;;;;;;;;;;;;;;;;;;
;;;;;;;;;;;;;;;;;;;;
;;;;;;;;;;;;;;;;;;;;
;;;;;;;;;;;;;;;;;;;;
;;;;;;;;;;;;;;;;;;;;
;;;;;;;;;;;;;;;;;;;;
;;;;;;;;;;;;;;;;;;;;
;;;;;;;;;;;;;;;;;;;;
;;;;;;;;;;;;;;;;;;;;
;;;;;;;;;;;;;;;;;;;;
;;;;;;;;;;;;;;;;;;;;
;;;;;;;;;;;;;;;;;;;;
;;;;;;;;;;;;;;;;;;;;
;;;;;;;;;;;;;;;;;;;;
;;;;;;;;;;;;;;;;;;;;
;;;;;;;;;;;;;;;;;;;;
;;;;;;;;;;;;;;;;;;;;
;;;;;;;;;;;;;;;;;;;;
;;;;;;;;;;;;;;;;;;;;
;;;;;;;;;;;;;;;;;;;;
;;;;;;;;;;;;;;;;;;;;
;;;;;;;;;;;;;;;;;;;;
;;;;;;;;;;;;;;;;;;;;
;;;;;;;;;;;;;;;;;;;;
;;;;;;;;;;;;;;;;;;;;
;;;;;;;;;;;;;;;;;;;;
;;;;;;;;;;;;;;;;;;;;
;;;;;;;;;;;;;;;;;;;;
;;;;;;;;;;;;;;;;;;;;
;;;;;;;;;;;;;;;;;;;;
;;;;;;;;;;;;;;;;;;;;
;;;;;;;;;;;;;;;;;;;;
;;;;;;;;;;;;;;;;;;;;
;;;;;;;;;;;;;;;;;;;;
;;;;;;;;;;;;;;;;;;;;
;;;;;;;;;;;;;;;;;;;;
;;;;;;;;;;;;;;;;;;;;
;;;;;;;;;;;;;;;;;;;;
;;;;;;;;;;;;;;;;;;;;
;;;;;;;;;;;;;;;;;;;;
;;;;;;;;;;;;;;;;;;;;
;;;;;;;;;;;;;;;;;;;;
;;;;;;;;;;;;;;;;;;;;
;;;;;;;;;;;;;;;;;;;;
;;;;;;;;;;;;;;;;;;;;
;;;;;;;;;;;;;;;;;;;;
;;;;;;;;;;;;;;;;;;;;
;;;;;;;;;;;;;;;;;;;;
;;;;;;;;;;;;;;;;;;;;
;;;;;;;;;;;;;;;;;;;;
;;;;;;;;;;;;;;;;;;;;
;;;;;;;;;;;;;;;;;;;;
;;;;;;;;;;;;;;;;;;;;
;;;;;;;;;;;;;;;;;;;;
;;;;;;;;;;;;;;;;;;;;
;;;;;;;;;;;;;;;;;;;;
;;;;;;;;;;;;;;;;;;;;
;;;;;;;;;;;;;;;;;;;;
;;;;;;;;;;;;;;;;;;;;
;;;;;;;;;;;;;;;;;;;;
;;;;;;;;;;;;;;;;;;;;
;;;;;;;;;;;;;;;;;;;;
;;;;;;;;;;;;;;;;;;;;
;;;;;;;;;;;;;;;;;;;;
;;;;;;;;;;;;;;;;;;;;
;;;;;;;;;;;;;;;;;;;;
;;;;;;;;;;;;;;;;;;;;
;;;;;;;;;;;;;;;;;;;;
;;;;;;;;;;;;;;;;;;;;
;;;;;;;;;;;;;;;;;;;;
;;;;;;;;;;;;;;;;;;;;
;;;;;;;;;;;;;;;;;;;;
;;;;;;;;;;;;;;;;;;;;
;;;;;;;;;;;;;;;;;;;;
;;;;;;;;;;;;;;;;;;;;
;;;;;;;;;;;;;;;;;;;;
;;;;;;;;;;;;;;;;;;;;
;;;;;;;;;;;;;;;;;;;;
;;;;;;;;;;;;;;;;;;;;
;;;;;;;;;;;;;;;;;;;;
;;;;;;;;;;;;;;;;;;;;
;;;;;;;;;;;;;;;;;;;;
;;;;;;;;;;;;;;;;;;;;
;;;;;;;;;;;;;;;;;;;;
;;;;;;;;;;;;;;;;;;;;
;;;;;;;;;;;;;;;;;;;;
;;;;;;;;;;;;;;;;;;;;
;;;;;;;;;;;;;;;;;;;;
;;;;;;;;;;;;;;;;;;;;
;;;;;;;;;;;;;;;;;;;;
;;;;;;;;;;;;;;;;;;;;
;;;;;;;;;;;;;;;;;;;;
;;;;;;;;;;;;;;;;;;;;
;;;;;;;;;;;;;;;;;;;;
;;;;;;;;;;;;;;;;;;;;
;;;;;;;;;;;;;;;;;;;;
;;;;;;;;;;;;;;;;;;;;
;;;;;;;;;;;;;;;;;;;;
;;;;;;;;;;;;;;;;;;;;
;;;;;;;;;;;;;;;;;;;;
;;;;;;;;;;;;;;;;;;;;
;;;;;;;;;;;;;;;;;;;;
;;;;;;;;;;;;;;;;;;;;
;;;;;;;;;;;;;;;;;;;;
;;;;;;;;;;;;;;;;;;;;
;;;;;;;;;;;;;;;;;;;;
;;;;;;;;;;;;;;;;;;;;
;;;;;;;;;;;;;;;;;;;;
;;;;;;;;;;;;;;;;;;;;
;;;;;;;;;;;;;;;;;;;;
;;;;;;;;;;;;;;;;;;;;
;;;;;;;;;;;;;;;;;;;;
;;;;;;;;;;;;;;;;;;;;
;;;;;;;;;;;;;;;;;;;;
;;;;;;;;;;;;;;;;;;;;
;;;;;;;;;;;;;;;;;;;;
;;;;;;;;;;;;;;;;;;;;
;;;;;;;;;;;;;;;;;;;;
