1;cura, -ae;;;";";preoccupazione;;sì;30;30
2;iniuria, -ae;;;";";offesa;;sì;30;30
3;silva, -ae;;;";";bosco;;sì;30;30
4;pecunia, -ae;;;";";denaro;;sì;30;30
5;sententia, -ae;;;";";opinione;;sì;30;30
6;puella, -ae;;;";";fanciulla;;sì;30;30
7;fera, -ae;;;";";fiera, belva;;sì;30;30
8;pugna, -ae;;;";";battaglia;;sì;30;30
9;fortuna, -ae;;;";";sorte;;sì;30;30
10;fortunae, -arum;;;";";ricchezza, patrimonio;;sì;30;30
11;copia, -ae;;;";";abbondanza, quantità;;sì;30;30
12;copiae, -arum;;;";";truppe;;sì;30;30
13;littera, -ae;;;";";lettera dell'alfabeto;;sì;30;30
14;litterae, -arum;;;";";letteratura;;sì;30;30
;;;;;;;;;
;;;;;;;;;
1;mora, -ae;;;";";ritardo;;sì;30;30
2;divitiae, -arum;;;";";ricchezza;;sì;30;30
3;aura, -ae;;;";";brezza;;sì;30;30
4;insidiae, -arum;;;";";agguato;;sì;30;30
5;gratia, -ae;;;";";"favore (se trovi questo termine all'ablativo preceduto da genitivo significa ""a causa di"" + il genitivo)";;sì;30;30
6;ora, -ae;;;";";costa;;sì;30;30
7;"custodia, -ae (oltre a ""custodia"")";;;";";sentinella;;sì;30;30
8;minae, -arum;;;";";minaccia;;sì;30;30
9;Athenae, -arum;;;";";Atene (serve a ricordarti che i nomi di città sono spesso al plurale);;sì;30;30
10;sum;";";sum, es, fui, esse;||;essere;;sì;30;30
11;possum;";";possum, potes, potui, posse;||;potere;;sì;30;30
12;facio;";";facio, -is, feci, factum, -ere;||;fare;;sì;30;30
13;dico;";";dico, -is, dixi, dictum, -ere;||;dire;;sì;30;30
14;do;";";do, das, dedi, datum, dare;||;dare;;sì;30;30
;;;;;;;;;
;;;;;;;;;
1;"et (oltre a ""e"")";;;";";anche, sia… sia... (in questo caso devono essere in coppia);;sì;30;30
2;#NOME?;;;";";"e ""parola""";;sì;30;30
3;sed;;;";";ma;;sì;30;30
4;si;;;";";se;;sì;30;30
5;nec;;;";";né, e non;;sì;30;30
6;aut;;;";";o, oppure;;sì;30;30
7;ac;;;";";e;;sì;30;30
8;atque;;;";";e;;sì;30;30
9;enim;;;";";infatti;;sì;30;30
10;etiam;;;";";anche;;sì;30;30
11;quod (cong.);;;";";poiché;;sì;30;30
12;nam;;;";";infatti;;sì;30;30
13;autem;;;";";inoltre, ma, d'altra parte;;sì;30;30
14;quia;;;";";poiché;;sì;30;30
;;;;;;;;;
;;;;;;;;;
*;is, ea, id;";";is, ea, id / eius, eius, eius / ei, ei, ei /eum, eam, id / eo, ea, eo  //  ii(ei), eae, ea / eorum, earum, eorum / iis (eis), iis (eis), iis (eis) / eos, eas, ea / iis (eis), iis (eis), iis (eis);||;egli, quello;;sì;30;30
*;ego;";";ego, mei, mihi, me, me;||;io;;sì;30;30
*;sui;";";sui, sibi, se, se;||;sé, se stesso;;sì;30;30
*;tu;";";tu, tui, tibi, te, te;||;tu;;sì;30;30
*;nos;";";nos, nostri, nobis, nos, nobis;||;noi;;sì;30;30
*;vos;";";vos, vestri, vobis, vos, vobis;||;voi;;sì;30;30
;;;;;;;;;
;;;;;;;;;
1;bellum, -i;;;";";guerra;;sì;30;30
2;domus, -i;;;";";casa;;sì;30;30
3;pŏpŭlus, -i;;;";";"popolo (ricorda che, anche se si trova raramente, esiste anche un ""pōpŭlus, -i"" che significa ""pioppo"" e che tra l'altro, essendo un nome di pianta, è femminile)";;sì;30;30
4;imperium, i;;;";";potere, comando;;sì;30;30
5;modus, -i;;;";";misura;;sì;30;30
6;verbum, -i;;;";";parola;;sì;30;30
7;signum, -i;;;";";segnale, statua, insegna;;sì;30;30
8;equus, -i;;;";";cavallo;;sì;30;30
9;proelium, -i;;;";";battaglia;;sì;30;30
10;telum, -i;;;";";lancia, freccia;;sì;30;30
11;puer, -i;;;";";bambino, ragazzo;;sì;30;30
12;legatus, -i;;;";";ambasciatore;;sì;30;30
13;ager, agri;;;";";terreno;;sì;30;30
14;ingenium, -i;;;";";natura, indole, intelligenza;;sì;30;30
;;;;;;;;;
;;;;;;;;;
1;studium, -i;;;";";impegno;;sì;30;30
2;"spatium, -i (oltre a ""spazio"")";;;";";tempo;;sì;30;30
3;socius, -i;;;";";alleato;;sì;30;30
4;aurum, -i;;;";";oro;;sì;30;30
5;"praesidium, -i (oltre a ""presidio"")";;;";";difesa;;sì;30;30
6;dominus, -i;;;";";padrone;;sì;30;30
7;oppidum, -i;;;";";città (piccola ma fortificata);;sì;30;30
8;officium, -i;;;";";compito;;sì;30;30
9;habeo;";";habeo, -es, habui, habitum, habere;||;avere, possedere;;sì;30;30
10;video;";";video, -es, vidi, visum, -ere;||;vedere;;sì;30;30
11;fero;";";fero, fers, tuli, latum, ferre;||;portare;;sì;30;30
12;ago;";";ago, -is, egi, actum, -ere;||;condurre, fare;;sì;30;30
13;venio;";";venio, -is, veni, ventum, -ire;||;venire, andare;;sì;30;30
14;iubeo;";";iubeo, -es, iussi, iussum, -ere;||;ordinare;;sì;30;30
;;;;;;;;;
;;;;;;;;;
1;deus, -i;;;";";dio (ricorda: il vocativo è deus, il genitivo plurale deorum o deum, il dativo/ablativo plurale deis, diis o dis);;sì;30;30
2;locus,-i;;;";";luogo (ricorda che al plurale può essere loci, cioè passi di un libro, o loca, cioè luoghi);;sì;30;30
3;vir, -i;;;";";uomo (ricorda che è della seconda);;sì;30;30
4;arma, -orum;;;";";armi;;sì;30;30
5;castra, -orum;;;";";accampamento;;sì;30;30
6;castrum, -i ;;;";";castello, luogo fortificato;;sì;30;30
7;liberi, -orum;;;";";figli;;sì;30;30
8;auxilium, -ii;;;";";aiuto;;sì;30;30
9;auxilia, -orum;;;";";truppe ausiliarie;;sì;30;30
10;vulgus, -i;;;";";popolo (ricorda che è neutro della seconda);;sì;30;30
11;accipio;";";accipio, -is, -cepi, -ceptum, -ere;||;ricevere, accettare;;sì;30;30
12;debeo;";";debeo, -es, debui, -itum, -ere;||;dovere;;sì;30;30
13;vinco;";";vinco, -is, vici, victum, -ere;||;vincere;;sì;30;30
14;pono;";";pono, -is, posui, positum, -ere;||;porre, collocare;;sì;30;30
;;;;;;;;;
;;;;;;;;;
1;magnus, -a, -um;;;";";grande;;sì;30;30
2;superus, -a, -um;;;";";del cielo, superiore;;sì;30;30
3;tantus, -a, -um;;;";";tanto grande;;sì;30;30
4;parvus, -a, -um;;;";";piccolo;;sì;30;30
5;mălus, -a, -um;;;";";malvagio;;sì;30;30
6;altus, -a, -um;;;";";alto, profondo;;sì;30;30
7;alienus, -a, -um;;;";";altrui;;sì;30;30
8;quantus, -a, -um;;;";";quanto grande;;sì;30;30
9;cunctus, -a, -um;;;";";tutto quanto;;sì;30;30
10;laetus, -a, -um;;;";";lieto, fertile;;sì;30;30
11;paucus, -a, -um;;;";";poco;;sì;30;30
12;tutus, -a, -um;;;";";protetto;;sì;30;30
13;saevus, -a, -um;;;";";crudele;;sì;30;30
14;ceterus, -a, -um;;;";";altro, rimanente;;sì;30;30
;;;;;;;;;
;;;;;;;;;
1;clarus, -a, -um;;;";";famoso;;sì;30;30
2;aequus, -a, -um;;;";";equo, giusto;;sì;30;30
3;reliquus, -a, -um;;;";";rimanente;;sì;30;30
4;eo (verbo);";";eo, is, i(v)i, itum, ire;||;andare;;sì;30;30
5;capio;";";capio, -is, cepi, captum, -ere;||;prendere;;sì;30;30
6;scio;";";scio, -is, i(v)i, -itum, ire;||;sapere;;sì;30;30
7;puto;";";puto, -as, -avi, -atum, -are;||;reputare, stimare;;sì;30;30
8;Alius, alia, aliud;;;";";"altro (fra molti) (aggettivo pronominale: gen. In ""-ius""/ dat. In ""-i"")";;sì;30;30
9;Nullus, -a, -um ;;;";";"nessuno (aggettivo pronominale: gen. In ""-ius""/ dat. In ""-i"")";;sì;30;30
10;Unus, -a, -um;;;";";"uno (aggettivo pronominale: gen. In ""-ius""/ dat. In ""-i"")";;sì;30;30
11;Totus, -a, -um;;;";";"tutto (aggettivo pronominale: gen. In ""-ius""/ dat. In ""-i"")";;sì;30;30
12;Alter, altera, alterum;;;";";"altro (fra due) (aggettivo pronominale: gen. In ""-ius""/ dat. In ""-i"")";;sì;30;30
13;Ullus, -a, -um;;;";";"alcuno, qualche (aggettivo pronominale: gen. In ""-ius""/ dat. In ""-i"")";;sì;30;30
14;Solus, -a, -um;;;";";"solo (aggettivo pronominale: gen. In ""-ius""/ dat. In ""-i"")";;sì;30;30
;;;;;;;;;
;;;;;;;;;
1;in;;;";";in, su, per, durante, riguardo a, contro (preposizione con l'accusativo o l'ablativo);;sì;30;30
2;ad;;;";";a, verso (preposizione con l'accusativo);;sì;30;30
3;a, ab;;;";";da  (preposizione con l'ablativo);;sì;30;30
4;e, ex;;;";";da  (preposizione con l'ablativo);;sì;30;30
5;per;;;";";per, attraverso (preposizione con l'accusativo);;sì;30;30
6;cum;;;";";"con (preposizione con l'ablativo) // ricorda che può essere anche una congiunzione con il significato di ""quando"", ""mentre""";;sì;30;30
7;de;;;";";da (alto in basso), del, sul, a proposito di (preposizione con l'ablativo);;sì;30;30
8;inter;;;";";fra, in mezzo a (preposizione con l'accusativo);;sì;30;30
9;sine;;;";";senza  (preposizione con l'ablativo);;sì;30;30
10;pro;;;";";davanti, in difesa, al favore, al posto  (preposizione con l'ablativo);;sì;30;30
11;apud;;;";";presso, vicino a (preposizione con l'accusativo);;sì;30;30
12;sub;;;";";sotto (preposizione con l'ablativo e l'accusativo);;sì;30;30
13;post;;;";";dietro a, dopo (preposizione con l'accusativo);;sì;30;30
14;ante;;;";";davanti, prima (preposizione con l'accusativo);;sì;30;30
;;;;;;;;;
;;;;;;;;;
1;adversus (prep.);;;";";verso, contro (preposizione con l'accusativo);;sì;30;30
2;ob;;;";";per, a causa di (preposizione con l'accusativo);;sì;30;30
3;propter;;;";";per, a causa di (preposizione con l'accusativo);;sì;30;30
4;contra (prep.);;;";";contro, di fronte a (preposizione con l'accusativo);;sì;30;30
5;super;;;";";sopra, oltre, riguardo a (preposizione con l'accusativo o l'ablativo);;sì;30;30
6;intra;;;";";dentro, tra, prima di (preposizione con l'accusativo);;sì;30;30
7;teneo;";";teneo, -es, tenui, tentum, -ere;||;tenere;;sì;30;30
8;peto;";";peto, -is, -i(v)i, -itum, -ere;||;chiedere (per ottenere);;sì;30;30
9;quaero;";";quaero, -is, quaesivi, quaesitum, -ere;||;chiedere (per sapere);;sì;30;30
10;mitto;";";mitto, -is, misi, missum, -ere;||;mandare;;sì;30;30
11;audio;";";audio, -is, -i(v)i, -itum, -ire;||;udire;;sì;30;30
12;vivo;";";vivo, -is, vixi, victum, -ere;||;vivere;;sì;30;30
13;relinquo;";";relinquo, -is, reliqui, relictum, -ere;||;lasciare;;sì;30;30
14;refero;";";refero, refers, rettuli, relatum, referre;||;riportare;;sì;30;30
;;;;;;;;;
;;;;;;;;;
1;an;;;";";o, se, o forse;;sì;30;30
2;neque;;;";";e non;;sì;30;30
3;quoque;;;";";anche;;sì;30;30
4;nisi;;;";";se non;;sì;30;30
5;at;;;";";ma;;sì;30;30
6;ergo (cong.);;;";";"dunque (più raramente più essere una preposizione con il genitivo sempre anteposto e con il significato di ""a causa di"")";;sì;30;30
7;itaque;;;";";pertanto;;sì;30;30
8;duco;";";duco, -is, duxi, ductum, -ere;||;condurre;;sì;30;30
9;reddo;";";reddo, -is, reddidi, redditum, -ere;||;rendere;;sì;30;30
10;voco;";";voco, -as, -avi, -atum , -are;||;chiamare;;sì;30;30
11;timeo;";";timeo, -es, timui, -ere;||;temere;;sì;30;30
12;moveo;";";moveo, -es, movi, motum, -ere;||;muovere;;sì;30;30
13;sto;";";sto, stas, steti, statum, stare;||;stare;;sì;30;30
14;gero;";";gero, -is, gessi, gestum, -ere;||;portare, fare (portare a termine);;sì;30;30
;;;;;;;;;
;;;;;;;;;
1;hostis, -is;;;";";nemico;;sì;30;30
2;urbs, -is;;;";";città;;sì;30;30
3;virtus, -utis;;;";";coraggio;;sì;30;30
4;mos, -oris;;;";";usanza, costume, tradizione;;sì;30;30
5;genus, -eris;;;";";stirpe;;sì;30;30
6;caput, -itis;;;";";testa;;sì;30;30
7;ratio, -onis;;;";";conto, ragione, condotta;;sì;30;30
8;gens, -ntis;;;";";clan, stirpe, popolo;;sì;30;30
9;scelus, -eris;;;";";crimine;;sì;30;30
10;eques, -itis;;;";";cavaliere;;sì;30;30
11;princeps, -ipis;;;";";il primo, il principe;;sì;30;30
12;ignis, -is;;;";";fuoco;;sì;30;30
13;dux, -is;;;";";comandante, guida;;sì;30;30
14;os , oris;;;";";bocca;;sì;30;30
;;;;;;;;;
;;;;;;;;;
1;dum;;;";";mentre;;sì;30;30
2;ubi (cong.);;;";";quando, non appena;;sì;30;30
3;vel;;;";";o;;sì;30;30
4;VERO;;;";";in verità, anzi;;sì;30;30
5;igitur;;;";";pertanto;;sì;30;30
6;sive;;;";";sia che;;sì;30;30
7;#NOME?;;;";";"o ""parola""";;sì;30;30
8;quoniam;;;";";poiché;;sì;30;30
9;quippe;;;";";dal momento che;;sì;30;30
10;quamvis;;;";";sebbene;;sì;30;30
11;quamquam;;;";";benché;;sì;30;30
12;etsi/etiamsi;;;";";anche se;;sì;30;30
13;namque;;;";";infatti;;sì;30;30
14;quemadmodum;;;";";come, in che modo;;sì;30;30
;;;;;;;;;
;;;;;;;;;
1;labor, -oris;;;";";fatica;;sì;30;30
2;voluptas, -atis;;;";";piacere;;sì;30;30
3;opus, -eris;;;";";opera;;sì;30;30
4;ius, iuris;;;";";diritto, giustizia;;sì;30;30
5;pectus, -oris;;;";";cuore;;sì;30;30
6;agmen, -inis;;;";";esercito;;sì;30;30
7;vulnus, -eris;;;";";ferita;;sì;30;30
8;munus, -eris;;;";";carica, regalo;;sì;30;30
9;"ordo, -inis (oltre a ""ordine"")";;;";";fila, classe sociale;;sì;30;30
10;litus, -oris;;;";";costa;;sì;30;30
11;carmen, -inis;;;";";carme, poesia;;sì;30;30
12;salus, -utis;;;";";salvezza;;sì;30;30
13;auris, -is;;;";";orecchio;;sì;30;30
14;caedes, -is;;;";";uccisione;;sì;30;30
;;;;;;;;;
;;;;;;;;;
1;iam;;;";";ormai;;sì;30;30
2;tamen;;;";";tuttavia;;sì;30;30
3;nunc;;;";";adesso;;sì;30;30
4;magis;;;";";di più, maggiormente;;sì;30;30
5;ita;;;";";così;;sì;30;30
6;sic;;;";";così;;sì;30;30
7;tam;;;";";tanto;;sì;30;30
8;quidem;;;";";appunto, certamente;;sì;30;30
9;tum;;;";";allora;;sì;30;30
10;deinde;;;";";poi;;sì;30;30
11;modo;;;";";soltanto;;sì;30;30
12;parum;;;";";poco;;sì;30;30
13;quo (avv.);;;";";dove, perciò, quanto;;sì;30;30
14;haud;;;";";non;;sì;30;30
;;;;;;;;;
;;;;;;;;;
1;simul;;;";";non appena, insieme;;sì;30;30
2;numquam;;;";";mai;;sì;30;30
3;tunc;;;";";allora;;sì;30;30
4;hinc;;;";";di qui;;sì;30;30
5;satis (avv.);;;";";abbastanza;;sì;30;30
6;eo (avv.);;;";";a tal punto, là;;sì;30;30
7;hic ;;;";";qui;;sì;30;30
8;diu;;;";";a lungo;;sì;30;30
9;inde;;;";";di qui;;sì;30;30
10;#NOME?;;;";";…? (segno di interrogazione);;sì;30;30
11;saepe;;;";";spesso;;sì;30;30
12;adhuc;;;";";ancora;;sì;30;30
13;velut;;;";";come, allo stesso modo, come se;;sì;30;30
14;longe;;;";";lontano, di gran lunga, a lungo;;sì;30;30
;;;;;;;;;
;;;;;;;;;
1;sermo, -onis;;;";";linguaggio, discorso;;sì;30;30
2;latus, -eris;;;";";lato;;sì;30;30
3;senex, -is;;;";";vecchio;;sì;30;30
4;orbis, -is;;;";";cerchio, mondo;;sì;30;30
5;amnis ,-is;;;";";fiume;;sì;30;30
6;imperator, -oris;;;";";comandante;;sì;30;30
7;uxor, -is;;;";";moglie;;sì;30;30
8;sidus, -eris;;;";";corpo celeste;;sì;30;30
9;classis, - is;;;";";flotta;;sì;30;30
10;vis, -;;;";";"forza (ricorda che si tratta di forza ""dinamica"", che non ha genitivo e dativo singolare, che l'accusativo è vim e che al plurale la radice è vir-)";;sì;30;30
11;iter, itineris;;;";";via (ricorda che il resto della declinazione segue itineris, ma è neutro quindi accusativo e vocativo singolari fanno iter);;sì;30;30
12;finis, -is;;;";";fine, limite;;sì;30;30
13;fines, -ium;;;";";confini, territorio;;sì;30;30
14;maiores, -orum;;;";";gli antenati;;sì;30;30
;;;;;;;;;
;;;;;;;;;
1;vix;;;";";a stento;;sì;30;30
2;mox;;;";";in breve, presto;;sì;30;30
3;rursus;;;";";di nuovo;;sì;30;30
4;procul;;;";";lontano;;sì;30;30
5;nondum;;;";";non ancora;;sì;30;30
6;ubi (avv.);;;";";dove;;sì;30;30
7;usque;;;";";fino a;;sì;30;30
8;interim;;;";";nel frattempo;;sì;30;30
9;adeo (avv.);;;";";a tal punto;;sì;30;30
10;ibi;;;";";lì;;sì;30;30
11;ideo;;;";";perciò;;sì;30;30
12;tandem;;;";";infine;;sì;30;30
13;umquam;;;";";mai;;sì;30;30
14;huc;;;";";qui (moto a luogo);;sì;30;30
15;cur;;;";";perché;;sì;30;30
;;;;;;;;;
;;;;;;;;;
1;contra (avv.);;;";";al contrario, di fronte;;sì;30;30
2;aliquando;;;";";una volta;;sì;30;30
3;prope;;;";";vicino;;sì;30;30
4;certe;;;";";sicuramente;;sì;30;30
5;trado;";";trado, -is, tradidi, -itum, -ere;||;affidare;;sì;30;30
6;fugio;";";fugio, -is, fugi, -itum, -ere;||;fuggire;;sì;30;30
7;paro;";";paro, -as, -avi, -atum, -are;||;preparare;;sì;30;30
8;traho;";";traho, -is, traxi, tractum, -ere;||;tirare;;sì;30;30
9;cogo;";";cogo, -is, coegi, coactum, -ere;||;costringere;;sì;30;30
10;recipio;";";recipio, -is,- cepi, -ceptum, -ere;||;ricevere;;sì;30;30
11;invenio;";";invenio, -venis, -veni, -ventum, -ire;||;trovare;;sì;30;30
12;cado;";";cado, -is, cecidi, (part. fut. casurus), -ere;||;cadere;;sì;30;30
13;cognosco;";";cognosco, -is, -ovi, -itum, -ere;||;venire a sapere;;sì;30;30
14;pervenio;";";pervenio, -is, -veni, -ventum, -ire;||;arrivare;;sì;30;30
;;;;;;;;;
;;;;;;;;;
*;volo;";";Volo, vis, volui, velle;||;volere;;sì;30;30
*;nolo;";";Nolo, non vis, nolui, nolle;||;non volere;;sì;30;30
*;malo;";";Malo, mavis, malui, malle;||;preferire;;sì;30;30
;;;;;;;;;
;;;;;;;;;
1;sentio;";";sentio, -is, sensi, sensum, -ire;||;percepire;;sì;30;30
2;omnis, -e;;;";";ogni, tutto;;sì;30;30
3;par, -is;;;";";uguale;;sì;30;30
4;propior, propius;;;";";"più vicino (comparativo di ""prope"")";;sì;30;30
5;levis, -e;;;";";leggero;;sì;30;30
6;vetus, -eris;;;";";vecchio;;sì;30;30
7;sat (satis), satis (agg.);;;";";sufficiente;;sì;30;30
8;potis, -e;;;";";potente, possibile;;sì;30;30
9;prior, prius;;;";";"primo (fra due - comparativo di ""prae"")";;sì;30;30
10;mollis, -e;;;";";molle, debole;;sì;30;30
11;ostendo;";";ostendo, -is, ostendi, ostensum, -ere;||;mostrare;;sì;30;30
12;prosum;";";prosum, prodes, profui, prodesse;||;giovare, essere utile;;sì;30;30
13;verto;";";verto, -is, verti, versum, -ere;||;girare;;sì;30;30
14;"premo (oltre a ""premere"")";";";premo, -is, pressi, pressum, -ere ;||;mettere incinta, stuprare;;sì;30;30
;;;;;;;;;
;;;;;;;;;
*;coepio;";";coepio, -is, coepi, coeptum, -ere;||;iniziare;;sì;30;30
*;odi;";";odi, odisti, odisse;||;odio (verbo difettivo - ricordane il valore resultativo);;sì;30;30
*;memini;";";memini, meministi, meminisse;||;(mi) ricordo (verbo difettivo - ricordane il valore resultativo);;sì;30;30
*;inquam;";";inquam, inquis, inquii, -;||;"dire (verbo difettivo - si trova spesso alla terza persona ""inquit"", uguale per presente e perfetto)";;sì;30;30
*;licet;";";licet, licuit/licitum est, -ere;||;si può, è lecito (verbo difettivo impersonale - si trova solo alla terza persona);;sì;30;30
;;;;;;;;;
;;;;;;;;;
1;"manus, -us (oltre a ""mano"")";;;";";schiera, forza;;sì;30;30
2;domus, -us;;;";";casa;;sì;30;30
3;metus, -us;;;";";paura;;sì;30;30
4;impetus, -us;;;";";assalto;;sì;30;30
5;casus, -us;;;";";circostanza, morte;;sì;30;30
6;res, -ei;;;";";cosa;;sì;30;30
7;fides, -ei;;;";";fiducia, fedeltà;;sì;30;30
8;spes, -ei;;;";";speranza;;sì;30;30
9;acies, -ei;;;";";acutezza, esercito (schierato);;sì;30;30
10;species, -ei;;;";";aspetto esteriore, immagine;;sì;30;30
11;facies, -ei;;;";";aspetto esteriore, immagine;;sì;30;30
12;pernicies, -ei;;;";";rovina;;sì;30;30
13;res frumentaria;;;";";viveri;;sì;30;30
14;res gestae ;;;";";imprese;;sì;30;30
;;;;;;;;;
;;;;;;;;;
1;iaceo;";";iaceo, -es, iacui, -ere;||;giacere;;sì;30;30
2;pereo;";";pereo, -is, -i(v)i, (part. fut. periturus), -ire;||;perire;;sì;30;30
3;servo;";";servo, -as, -avi, -atum, -are;||;salvare, conservare;;sì;30;30
4;transeo;";";transeo, -is, -i(v)i, -itum, -ire;||;passare;;sì;30;30
5;intelligo/intellego;";";intelligo/intellego, -is, -lexi, -lectum, -ere;||;capire;;sì;30;30
6;praesto;";";praesto, -as, praestiti, praestitum, -are;||;eccellere;;sì;30;30
7;tollo;";";tollo, tollis, sustuli, sublatum, tollere;||;alzare;;sì;30;30
8;redeo;";";redeo, -is, -i(v)i, -itum, -ire;||;tornare;;sì;30;30
9;excipio;";";excipio, -is, -cepi, -ceptum, -ere;||;ricevere;;sì;30;30
10;"cedo (oltre a ""cedere"")";";";cedo, -is, cessi, cessum, -ere ;||;avanzare, andarsene, trasformarsi;;sì;30;30
11;cogito;";";cogito, -as, -avi, -atum, -are;||;pensare;;sì;30;30
12;iudico;";";iudico, -as, -avi, -atum, -are;||;giudicare;;sì;30;30
13;rapio;";";rapio, -is, -ui, raptum, -ire;||;strappare, rapire;;sì;30;30
14;eripio;";";eripio, -is, eripui, ereptum, -ere;||;portar via;;sì;30;30
;;;;;;;;;
;;;;;;;;;
1;colo;";";colo, -is, colui, cultum, -ere;||;venerare, coltivare;;sì;30;30
2;aio;";";aio, ais, -;||;"dire (verbo difettivo - si trova spesso alla terza persona ""ait"", uguale per presente e perfetto)";;sì;30;30
3;solvo;";";solvo, -is, solvi, solutum, -ere;||;sciogliere, salpare;;sì;30;30
4;"occupo (oltre a ""occupare"")";";";occupo, -as, -avi, -atum, -are ;||;precedere;;sì;30;30
5;amitto;";";amitto, -mittis, -misi, -missum, -ere;||;perdere;;sì;30;30
6;doceo;";";doceo, -es, docui, doctum, -ere;||;insegnare;;sì;30;30
7;nosco;";";nosco, -is, novi, notum, -ere;||;sapere, venire a sapere (ricordane il valore resultativo del perfetto);;sì;30;30
8;efficio;";";efficio, -is, -feci, -fectum, -ere;||;fare in modo;;sì;30;30
9;maneo;";";maneo, -es, mansi, mansum, -ere;||;rimanere;;sì;30;30
10;adicio;";";adicio, -is, -ieci, -iectum, -ere;||;gettare;;sì;30;30
11;affero;";";affero, -fers, attuli, allatum, afferre;||;portare, aggiungere, riferire;;sì;30;30
12;compono;";";compono, -is, composui, compositum, componere;||;avvicinare, riunire, riporre;;sì;30;30
13;sumo;";";sumo, -is, sumpsi, sumptum, -ere;||;prendere;;sì;30;30
14;absum;";";absum, -es, -fui, -esse;||;"mancare (ricorda che “adsum”, al contrario, significa ""esserci"")";;sì;30;30
;;;;;;;;;
;;;;;;;;;
1;desum;";";desum, -es, -fui, -esse;||;mancare ;;sì;30;30
2;incipio;";";incipio, -is, -cepi, -ceptum, -ere;||;iniziare;;sì;30;30
3;opto;";";opto, -as, -avi, -atum, -are;||;scegliere, desiderare;;sì;30;30
4;tento/tempto;";";tento/tempto, -as, -avi, -atum, -are;||;toccare;;sì;30;30
5;"exigo (oltre a ""esigere"")";";";exigo, -is, exegi, exactum, -ere ;||;espellere, mandar fuori, produrre;;sì;30;30
6;impero;";";impero, -as, -avi, -atum, -are;||;comandare;;sì;30;30
7;specto;";";specto, -as, -avi, -atum, -are;||;guardare;;sì;30;30
8;scribo;";";scribo, -is, scripsi, scriptum, -ere;||;scrivere;;sì;30;30
9;addo;";";addo, -is, addidi, additum, -ere;||;aggiungere;;sì;30;30
10;disco;";";disco, -is, didici, -ere;||;imparare;;sì;30;30
11;interficio;";";interficio, -is, -feci, -fectum, -fìcere;||;uccidere;;sì;30;30
12;contingo;";";contingo, -is, -tigi, -tactum, -ere;||;capitare;;sì;30;30
13;constituo;";";constituo, -is, -ui, -tutum, -ere;||;stabilire;;sì;30;30
14;accedo;";";accedo, -is, -cessi, -cessum, -ere;||;avvicinarsi;;sì;30;30
;;;;;;;;;
;;;;;;;;;
1;cupio;";";cupio, -is, -ivi, -itum, -ere;||;desiderare;;sì;30;30
2;"exerceo (oltre a ""esercitare"")";";";exerceo, -es, -ercui, -ercitum, -ere ;||;affaticare;;sì;30;30
3;appello;";";appello, -as, -avi, -atum, -are;||;chiamare;;sì;30;30
4;claudo;";";claudo, -is, clausi, clausum, -ere;||;"chiudere (ma con il paradigma ""claudo, -is, -ere"" vuol dire anche ""zoppicare"")";;sì;30;30
5;iuvo;";";iuvo, -as, iuvi, iutum, -are;||;aiutare;;sì;30;30
6;prohibeo;";";prohibeo, -es, -bui, -itum, -ere;||;impedire;;sì;30;30
7;tego;";";tego, -is, texi, tectum, -ere;||;coprire;;sì;30;30
8;frango;";";frango, -is, fregi, fractum, -ere;||;rompere;;sì;30;30
9;lego;";";lego, -is, legi, lectum, -ere;||;raccogliere, scegliere, leggere;;sì;30;30
10;erro;";";erro, -as, -avi, -atum, -are;||;vagabondare;;sì;30;30
11;exeo;";";exeo, -is, -i(v)i, -itum, -ire;||;uscire;;sì;30;30
12;contemno;";";contemno, -is, contempsi, contemptum, -ere;||;disprezzare;;sì;30;30
13;nescio;";";nescio, -is, -i(v)i, -itum, -ire;||;non sapere;;sì;30;30
14;retineo;";";retineo, -es, -tinui, -tentum, -ere;||;trattenere;;sì;30;30
;;;;;;;;;
;;;;;;;;;
;qui, quae, quod;;qui, quae, quod / cuius, cuius, cuius / cui, cui, cui /quem, quam, quod / quo, qua, quo // qui, quae, quae / quorum, quarum, quorum / quibus, quibus, quibus / quos, quas, quae / quibus, quibus, quibus;";";che, il quale;;sì;30;30
;;;;;;;;;
;;;;;;;;;
1;adeo (verbo);";";adeo, -is, -i(v)i, -itum, -ire;||;accostarsi;;sì;30;30
2;desino;";";desino, -is, -i(v)i, -itum, -ere;||;lasciare, finire, smettere;;sì;30;30
3;augeo;";";augeo, -es, auxi, auctum, -ere;||;accrescere;;sì;30;30
4;intersum;";";intersum, interes, interfui, interesse;||;prendere parte;;sì;30;30
5;aspicio;";";aspicio, -is, -spexi, -spectum, -ere;||;scorgere;;sì;30;30
6;parco;";";parco, -is, peperci/parsi, parcitum/parsum, -ere;||;risparmiare (regge dativo, accusativo o ablativo);;sì;30;30
7;confero;";";confero, -fers, -tuli, -latum, -ferre;||;riunire;;sì;30;30
8;convenio;";";convenio, -is, -veni, -ventum, -ire;||;incontrarsi;;sì;30;30
9;"concedo (oltre a ""concedere"")";";";concedo, -is, -cessi, -cessum, -ere ;||;ritirarsi;;sì;30;30
10;valeo;";";valeo, -es, -ui, -itum -ere;||;star bene;;sì;30;30
11;fallo;";";fallo, -is, fefelli, falsum, -ere;||;ingannare;;sì;30;30
12;occurro;";";occurro, -is, -curri, -cursum, -ere;||;venire incontro,  in mente;;sì;30;30
13;statuo;";";statuo, -is, -ui, -utum, -ere;||;stabilire;;sì;30;30
14;rogo;";";rogo, -as, -avi, -atum, -are;||;chiedere;;sì;30;30
;;;;;;;;;
;;;;;;;;;
;;;;;;;;;
;;;;;;;;;
;;;;;;;;;
;;;;;;;;;
;;;;;;;;;
;;;;;;;;;
1;desero;";";desero, -eris, deserui, desertum, -ere;||;abbandonare;;sì;30;30
2;occīdo;";";occīdo, -is, occidi, occisum, -ere;||;uccidere;;sì;30;30
3;committo;";";committo, -is, -misi, -missum, -ere;||;riunire, intraprendere;;sì;30;30
4;consulo;";";consulo, -is, -sului, -sultum, -ere;||;provvedere;;sì;30;30
5;aufero;";";aufero, -fers, abstuli, ablatum, -ferre;||;portare via;;sì;30;30
6;consto;";";consto, -as, constiti, -are;||;stare fermo;;sì;30;30
7;accido;";";accido, -is, -cidi, -cisum, -ere;||;capitare;;sì;30;30
8;praebeo;";";praebeo, -es, -bui, -bitum, -ere;||;offrire;;sì;30;30
9;oportet;";";oportet, oportuit, -ere;||;occorre, è opportuno (verbo impersonale - si trova solo alla terza persona);;sì;30;30
10;pello;";";pello, -is, pépuli, pulsum, -ere;||;respingere;;sì;30;30
11;pateo;";";pateo, -es,  patui, -ere;||;estendersi;;sì;30;30
12;gigno;";";gigno, -is, genui, genitum, -ere;||;generare, far nascere;;sì;30;30
13;supersum;";";supersum, -es, -fui, -esse;||;sopravvivere;;sì;30;30
14;infero;";";infero, -fers, -tuli, illatum, -ferre;||;spingere, seppellire, presentare;;sì;30;30
;;;;;;;;;
;;;;;;;;;
1;ops, -is;;;";";risorsa, aiuto;;sì;30;30
2;opes, -um;;;";";ricchezze;;sì;30;30
3;dextera, -ae;;;";";la (mano) destra;;sì;30;30
4;ara, -ae;;;";";altare;;sì;30;30
5;praeda, -ae;;;";";bottino;;sì;30;30
6;facinus, -oris;;;";";azione, impresa, misfatto;;sì;30;30
7;prex, -ecis;;;";";preghiera;;sì;30;30
8;tellus, -uris;;;";";terra (poetico);;sì;30;30
9;comes, -itis;;;";";compagno;;sì;30;30
10;negotium, -i;;;";";affare;;sì;30;30
11;furor, -oris;;;";";pazzia;;sì;30;30
12;sinus, -us;;;";";golfo, seno, piega della veste;;sì;30;30
13;currus, -us;;;";";carro;;sì;30;30
14;funus, -eris;;;";";morte;;sì;30;30
;;;;;;;;;
;;;;;;;;;
1;patior;";";patior, -eris, passus sum, pati;||;sopportare;;sì;30;30
2;utor;";";utor, uteris, usus sum, uti;||;servirsi, usare;;sì;30;30
3;morior;";";morior, -eris, mortuus sum, mori;||;morire;;sì;30;30
4;loquor;";";loquor, -eris, locutus sum, loqui;||;parlare;;sì;30;30
5;orior;";";orior, oriris, ortus sum, oriri;||;sorgere;;sì;30;30
6;queror;";";queror, -eris, questus sum, -eri;||;lamentarsi;;sì;30;30
7;miror;";";miror, -aris, miratus sum, -ari;||;meravigliarsi;;sì;30;30
8;proficiscor;";";proficiscor, -eris, -profectus sum, -sci;||;partire;;sì;30;30
9;moror;";";moror, -aris, -atus sum, -ari;||;indugiare;;sì;30;30
10;tueor;";";tueor, -eris, tuitus sum, -eri;||;custodire;;sì;30;30
11;reor;";";reor, -eris, ratus sum, reri;||;pensare;;sì;30;30
12;fio;";";fio, fis, factum sum, fieri;||;diventare, accadere, essere fatto;;sì;30;30
13;audeo;";";audeo, -es, ausus sum, audere;||;osare;;sì;30;30
14;gaudeo;";";gaudeo, -es, gavisus sum, -ere;||;gioire;;sì;30;30
;;;;;;;;;
;;;;;;;;;
1;decerno;";";decerno, -is, -crevi, -cretum, -ere;||;stabilire;;sì;30;30
2;cano;";";cano, -is, cecini, cantum, -are;||;cantare, profetizzare;;sì;30;30
3;abeo;";";abeo, -is, -i(v)i, -itum, -ire;||;andarsene;;sì;30;30
4;fleo;";";fleo, -es, flevi, fletum, flere;||;piangere;;sì;30;30
5;posco;";";posco, -is, poposci, -ere;||;chiedere;;sì;30;30
6;reperio;";";reperio, -is, re(p)peri, repertum, -ire;||;ritrovare, scoprire;;sì;30;30
7;"repeto (oltre a ""ripetere"")";";";repeto, -is, -i(v)i, -itum, -ere ;||;attaccare di nuovo, reclamare;;sì;30;30
8;deficio;";";deficio, -is, -feci, -fectum, -fìcere;||;venir meno;;sì;30;30
9;fundo;";";fundo, -is, fusi, fundum, -ere;||;"versare  (ma con il paradigma ""fundo, -as, -avi, -atum, -are"" vuol dire ""fondare"", ""consolidare"")";;sì;30;30
10;discedo;";";discedo, -is, -cessi,  -cessum, -ere;||;andarsene;;sì;30;30
11;iacto;";";iacto, -as, -avi, -atum, -are;||;gettare;;sì;30;30
12;condo;";";condo, -is, -didi, -ditum, -ere;||;fondare;;sì;30;30
13;deduco;";";deduco, -is, -duxi, -ductum, -ere;||;condurre giù, fondare;;sì;30;30
14;dimitto;";";dimitto, -is, -misi, -missum, -ere;||;congedare;;sì;30;30
;;;;;;;;;
;;;;;;;;;
1;tot;;;";"; tanti (aggettivo indeclinabile!);;sì;30;30
2;pulcher, -a, -um;;;";";bello;;sì;30;30
3;praeceps, -cipitis (agg.);;;";";"disastroso, rapido (si può trovare anche come nome col significato di ""precipizio, abisso"")";;sì;30;30
4;foedus, -a, -um;;;";";"ripugnante (si può trovare anche come nome della terza, declinato ""foedus, -eris"", con il significato di ""patto""";;sì;30;30
5;"varius, -a, -um (oltre a ""vario"")";;;";";mutevole;;sì;30;30
6;acer, -is, -e;;;";";acuto, aspro, laborioso;;sì;30;30
7;aeger, -a, -um;;;";";malato;;sì;30;30
8;dives, -itis;;;";";ricco;;sì;30;30
9;"vastus, -a, -um (oltre a ""vasto"")";;;";";deserto;;sì;30;30
10;plerique, pleraeque, pleraque;;;";";gran parte, molti (plurale di plerusque, pleraque, plerumque, ma è raro trovarlo al singolare);;sì;30;30
11;invitus, -a,- um;;;";";controvoglia;;sì;30;30
12;asper, -a, -um;;;";";aspro, scosceso;;sì;30;30
13;fessus, -a, -um;;;";";stanco;;sì;30;30
14;dirus, -a, -um;;;";";funesto;;sì;30;30
;;;;;;;;;
;;;;;;;;;
1;propero;";";propero, -as, -avi, -atum, -are;||;affrettarsi, accelerare;;sì;30;30
2;pertineo;";";pertineo, -es, -tinui, -ere;||;estendersi, raggiungere, riguardare;;sì;30;30
3;caedo;";";caedo, -is, cecidi, caesum, -ere;||;uccidere;;sì;30;30
4;probo;";";probo, -as, -avi, -atum, -are;||;provare, approvare;;sì;30;30
5;haereo;";";haereo, -es, haesi, haesum, -ere;||;appoggiarsi;;sì;30;30
6;iungo;";";iungo, -is, iunxi, iunctum, -ere;||;unire;;sì;30;30
7;tendo;";";tendo, -is, tetendi, tentum/tensum, -ere;||;dirigersi;;sì;30;30
8;ēdo;";";ēdo, -is, -edidi, editum, ere;||;emettere, far uscire;;sì;30;30
9;ĕdo;";";ĕdo, -is, -i, -sum, -ere;||;mangiare;;sì;30;30
10;impleo;";";impleo, -es, -evi, -etum, -ere;||;riempire;;sì;30;30
11;defero;";";defero, -fers, -tuli, -latum, -ferre;||;portar giù;;sì;30;30
12;moneo;";";moneo, -es, -ui, -itum, -ere;||;avvertire, avvisare;;sì;30;30
13;veho;";";veho, -is, vexi, vectum, -ere;||;trasportare;;sì;30;30
14;careo;";";careo, -es, -ui, -ere;||;non avere, privarsi, desiderare;;sì;30;30
;;;;;;;;;
;;;;;;;;;
1;quin (avv.);;;";";In verità, perché non? (quando è interrogativo);;sì;30;30
2;quotiens;;;";";quante volte;;sì;30;30
3;praeterea;;;";";inoltre;;sì;30;30
4;unde;;;";";da dove;;sì;30;30
5;statim;;;";";subito;;sì;30;30
6;undique;;;";";da ogni parte;;sì;30;30
7;olim;;;";";un tempo;;sì;30;30
8;denique;;;";";infine;;sì;30;30
9;quondam;;;";";un tempo;;sì;30;30
10;frustra;;;";";invano;;sì;30;30
11;solum (avv.);;;";";solamente;;sì;30;30
12;item;;;";";ugalmente;;sì;30;30
13;fere;;;";";circa;;sì;30;30
14;semel;;;";";una volta;;sì;30;30
;;;;;;;;;
;;;;;;;;;
1;terreo;";";terreo/perterreo, -es, -terrui, -territum, -ere;||;spaventare;;sì;30;30
2;"supero (oltre a ""superare"")";";";supero, -as, -avi, -atum, -are;||;sconfiggere;;sì;30;30
3;obicio;";";obicio, -is, -ieci, -iectum, -ere;||;gettare davanti;;sì;30;30
4;impello;";";impello, -pellis, impuli, -pulsum,-ere;||;colpire, spingere;;sì;30;30
5;consisto;";";consisto, -is, constiti, -ere;||;fermarsi;;sì;30;30
6;dēligo;";";dēligo, -is, -legi, -lectum, -ere;||;scegliere;;sì;30;30
7;oro;";";oro, -as, -avi, -atum, -are;||;pregare, chiedere;;sì;30;30
8;tango;";";tango, -is, tetigi, tactum, -ere;||;toccare;;sì;30;30
9;ruo;";";ruo, -is, rui, rutum (part. fut. ruiturus), -ere;||;precipitarsi, crollare;;sì;30;30
10;pendeo;";";pendeo, -es, pependi, -ere;||;essere sospeso, pesare;;sì;30;30
11;respicio;";";respicio, -is, -spexi, -spectum, -ere;||;guardare indietro;;sì;30;30
12;contendo;";";contendo, -is, contendi, contentum, -ere;||;tirare, lanciare, dirigersi;;sì;30;30
13;converto;";";converto, -is, -verti, -versum, -ere;||;volgere;;sì;30;30
14;excutio;";";excutio, -is, excussi, excussum, -ere;||;scuotere via;;sì;30;30
;;;;;;;;;
;;;;;;;;;
1;"tempestas, -atis (oltre a ""tempesta"")";;;";";momento;;sì;30;30
2;numen, -inis;;;";";volontà divina;;sì;30;30
3;gradus, -us;;;";";passo, posizione;;sì;30;30
4;moenia, -ium;;;";";mura;;sì;30;30
5;cornu, -us;;;";";ala dell'esercito;;sì;30;30
6;nemus, -oris;;;";";bosco;;sì;30;30
7;solum, -i;;;";";suolo;;sì;30;30
8;pondus, -eris;;;";";peso;;sì;30;30
9;coma, -ae;;;";";chioma;;sì;30;30
10;pedes, -itis;;;";";fante;;sì;30;30
11;certamen, -inis;;;";";gara;;sì;30;30
12;aequor, -oris;;;";";distesa (di mare o di terra);;sì;30;30
13;vestigium, -i;;;";";traccia;;sì;30;30
14;equitatus, -us;;;";";cavalleria;;sì;30;30
;;;;;;;;;
;;;;;;;;;
1;praeter (prep.);;;";";davanti a, oltre (preposizione con l'accusativo);;sì;30;30
2;supra;;;";";sopra, oltre (preposizione con l'accusativo);;sì;30;30
3;extra;;;";";fuori, oltre, tranne, senza (preposizione con l'accusativo);;sì;30;30
4;circum (prep.);;;";";intorno (preposizione con l'accusativo, ma si trova spesso anche come anche avverbio);;sì;30;30
5;ultra;;;";";al di là, oltre (preposizione con l'accusativo);;sì;30;30
6;incido;";";incĭdo, -is, incidi, -ere;||;cadere, imbattersi;;sì;30;30
7;effundo;";";effundo, -is, -fudi, -fusum, -ere;||;versare;;sì;30;30
8;veto;";";veto, -as, vetui, vetitum, -are;||;vietare;;sì;30;30
9;perfero;";";perfero, -fers, -tuli, latum, -ferre;||;portare a termine;;sì;30;30
10;conficio;";";conficio, -is, -feci, -fectum, -fìcere;||;portare a termine;;sì;30;30
11;"comparo (oltre a ""comparare"")";";";comparo, -as, -avi, -atum, -are;||;preparare, unire;;sì;30;30
12;insto;";";insto, -as, -stiti, -staturus, -are;||;star sopra;;sì;30;30
13;lateo;";";lateo, -es, latui, -ere;||;stare nascosto;;sì;30;30
14;aperio;";";aperio, -is, aperui, apertum, -ire;||;aprire;;sì;30;30
;;;;;;;;;
;;;;;;;;;
1;prius;;;";";prima;;sì;30;30
2;interea;;;";";frattanto;;sì;30;30
3;subito;;;";";all'improvviso;;sì;30;30
4;iterum;;;";";di nuovo;;sì;30;30
5;postea;;;";";in seguito;;sì;30;30
6;paene;;;";";circa;;sì;30;30
7;num (avv.);;;";";forse che?;;sì;30;30
8;cerno;";";cerno, -is, crevi, cretum, -ere;||;scorgere;;sì;30;30
9;effero;";";effero, -fers, extuli, elatum, -ferre;||;portar fuori;;sì;30;30
10;figo;";";figo, -is, fixi, fictum, -ere;||;conficcare;;sì;30;30
11;revoco;";";revoco, -as, -avi, -atum, -are;||;richiamare;;sì;30;30
12;fingo;";";fingo, -is, finxi, finctum, -ere;||;plasmare;;sì;30;30
13;ineo;";";ineo, -is, -ivi, -itum, -ire;||;entrare;;sì;30;30
14;alo;";";alo, -is, alui, altum, -ere;||;nutrire;;sì;30;30
;;;;;;;;;
;;;;;;;;;
*;hic, haec, hoc;";";hic, haec, hoc / huius, huius, huius / huic, huic, huic / hunc, hanc, hoc / hoc, hac, hoc // hi, hae, heac / horum, harum, horum / his, his, his / hos, has, haec / his, his, his;||;questo, costui;;sì;30;30
*;iste, -a, -ud;";";iste, ista, istud / istius, istius, istius / isti, isti, isti / istum, istam, istud /isto, ista, isto // isti, istae, ista / istorum, istarum, istorum / istis, istis, istis / istos, istas, ista / istis, istis, istis;||;costui;;sì;30;30
*;ille, -a, -ud;";";ille, illa, illud / illius, illius, illius / illi, illi, illi / illum, illam, illud /illo, illa, illo // illi, illae, illa / illorum, illarum, illorum / illis, illis, illis / illos, illas, illa / illis, illis, illis;||;quello;;sì;30;30
*;idem, eadem, idem;";";idea, eadem, idem / eiusdem, eiusdem, eiusdem / eidem, eidem, eidem /eundem, eandem, idem / eodem, eadem, eodem // iidem (eidem/idem), eaedem, eadem / eorundem, earundem, eorundem / iisdem (eisdem/isdem), iisdem (eisdem/isdem), iisdem (eisdem/isdem) / eosdem, easdem, eadem / iisdem (eisdem/isdem), iisdem (eisdem/isdem), iisdem (eisdem/isdem);||;medesimo;;sì;30;30
*;ipse, -a,- um;";";ipse, ipsa, ipsum / ipsius, ipsius, ipsius / ipsi, ipsi, ipsi / ipsum, ipsam, ipsum / ipso, ipsa, ipso // ipsi, ipsae, ipsa / ipsorum, ipsarum, ipsorum / ipsis, ipsis, ipsis / ipsos, ipsas, ipsa / ipsis, ipsis, ipsis;||;stesso;;sì;30;30
;;;;;;;;;
;;;;;;;;;
1;donec;";";;||;finché;;sì;30;30
2;quin (cong.);";";;||;che non;;sì;30;30
3;neve;";";;||;né;;sì;30;30
4;differo;";";differo, -fers, distuli, dilatum, -ferre;||;disporre, differire, rinviare;;sì;30;30
5;colligo;";";colligo, -is, -legi, -lectum, -ere;||;raccogliere;;sì;30;30
6;vito;";";vito, -as, -avi, -atum, -are;||;evitare;;sì;30;30
7;pareo;";";pareo, -es, parui, paritum, -ere;||;apparire;;sì;30;30
8;sino;";";sino, -is, sivi, situm, -ere;||;permettere;;sì;30;30
9;effugio;";";effugio, -is, -fugi, -fugitum, -fugere;||;sfuggire;;sì;30;30
10;excito;";";excito, -as, -avi, -atum, -are;||;suscitare, svegliare, incitare;;sì;30;30
11;evenio;";";evenio, -is, .veni, -ventum, -ire;||;uscire, accadere;;sì;30;30
12;obsideo;";";obsideo, -es, -sedi, -sessum, -ere;||;abitare, assediare;;sì;30;30
13;praecipio;";";praecipio, -is, praecepi, praeceptum, -ere;||;istruire;;sì;30;30
14;instituo;";";instituo, -is, institui, institutum, -ere;||;stabilire;;sì;30;30
;;;;;;;;;
;;;;;;;;;
1;reus, -i;;;";";imputato, accusato, colpevole;;sì;30;30
2;limen, -inis;;;";";soglia;;sì;30;30
3;habitus, -us;;;";";aspetto;;sì;30;30
4;arx, -is;;;";";rocca;;sì;30;30
5;fax, -acis;;;";";fiaccola;;sì;30;30
6;nefas;;;";";azione illecita (sostantivo indeclinabile;;sì;30;30
7;aes, -eris;;;";";bronzo, denaro;;sì;30;30
8;arena/harena, -ae;;;";";sabbia;;sì;30;30
9;clades, -is;;;";";strage;;sì;30;30
10;robur, -oris;;;";";"quercia, forza (forza statica ma può supplire il genitivo e dativo singolare di ""vis"")";;sì;30;30
11;ratis, -is;;;";";zattera;;sì;30;30
12;dolus, -i;;;";";inganno;;sì;30;30
13;ictus, -us;;;";";colpo;;sì;30;30
14;humus, -i;;;";";terra;;sì;30;30
;;;;;;;;;
;;;;;;;;;
1;fateor;";";fateor, -eris, fassum sum, -eri;||;confessare;;sì;30;30
2;labor;";";labor,  -eris, lapsus sum, labi;||;scivolare;;sì;30;30
3;intueor;";";intueor, -eris, intuitus sum, -eri;||;scrutare, considerare;;sì;30;30
4;hortor;";";hortor, -aris, hortatus sum, -ari;||;esortare;;sì;30;30
5;vereor;";";vereor, -eris, veritus sum, -eri;||;temere;;sì;30;30
6;ingredior;";";ingredior, -eris, ingressus sum, -edi;||;entrare;;sì;30;30
7;egredior;";";egredior, -eris, egressus sum, -edi;||;uscire;;sì;30;30
8;obliviscor;";";obliviscor, -eris, -itus sum, -isci;||;dimenticare;;sì;30;30
9;conor;";";conor, -aris, -atus sum, -ari;||;tentare;;sì;30;30
10;"aggredior (oltre ad ""aggredire"")";";";aggredior, -eris,  aggressus sum, -edi ;||;avvicinarsi;;sì;30;30
11;complector;";";complector, -eris, complexus sum, complecti;||;abbracciare;;sì;30;30
12;fruor;";";fruor, -eris, fruitus/fructus sum, frui;||;fruire, godere (con l'ablativo o l'accusativo);;sì;30;30
13;nitor;";";nitor, -eris, nisus/nixus sum, niti;||;appoggiarsi su, sforzarsi di;;sì;30;30
14;polliceor;";";polliceor, -eris, pollicitus sum, polliceri;||;promettere;;sì;30;30
;;;;;;;;;
;;;;;;;;;
1;nuntius, -i;;;";";messaggero;;sì;30;30
2;hiems, -emis;;;";";inverno;;sì;30;30
3;conspectus, -us;;;";";sguardo;;sì;30;30
4;epistula, -ae;;;";";lettera;;sì;30;30
5;captivus, -i;;;";";prigioniero;;sì;30;30
6;vates, -is;;;";";veggente;;sì;30;30
7;arvum, -i;;;";";campo;;sì;30;30
8;obses, -idis;;;";";ostaggio;;sì;30;30
9;adventus, -us;;;";";arrivo;;sì;30;30
10;impedimentum, -i;;;";";ostacolo, intralcio;;sì;30;30
11;impedimenta, -orum;;;";";bagagli;;sì;30;30
12;os, ossis;;;";";osso;;sì;30;30
13;inopia, -ae;;;";";povertà, mancanza;;sì;30;30
14;aditus, -us;;;";";accesso;;sì;30;30
;;;;;;;;;
;;;;;;;;;
1;agnosco;";";agnosco, -is, -novi, -notum, -ere;||;riconoscere;;sì;30;30
2;impedio;";";impedio, -is, -i(v)i, -itum, -ire;||;impedire, ostacolare;;sì;30;30
3;vincio;";";vincio, -is, vinxi, vinctum, -ire;||;legare;;sì;30;30
4;intendo;";";intendo, -is, -tendi, -tentum, -ere;||;dirigersi, rivolgersi;;sì;30;30
5;obtineo;";";obtineo, -es, -tinui, -tentum, -ere;||;trattenere;;sì;30;30
6;conspicio;";";conspicio, -is, -spexi, -spectum, -ere;||;scorgere;;sì;30;30
7;pario;";";pario, -is, peperi, partum, -ere;||;generare;;sì;30;30
8;tempero;";";tempero, -as, -avi, -atum, -are;||;amministrare (regge l'accusativo), trattenere (regge dativo o ablativo);;sì;30;30
9;instruo;";";instruo, -is, instruxi, instructum, -ere;||;schierare;;sì;30;30
10;excedo;";";excedo, -cedi, -cessi, -cessum, -ere;||;uscire;;sì;30;30
11;certo;";";certo, -as, -avi, -atum, -are;||;gareggiare;;sì;30;30
12;servio;";";servio, -is, -i(v)i, -itum, -ire;||;servire (regge l'accusativo), essere schiavo (regge il dativo);;sì;30;30
13;postulo;";";postulo, -as, -avi, -atum, -are;||;chiedere;;sì;30;30
14;expedio;";";expedio, -is, -i(v)i, -itum, -ire;||;liberare;;sì;30;30
;;;;;;;;;
;;;;;;;;;
1;ferus, -a, -um;;;";";feroce, selvaggio;;sì;30;30
2;ater, atra, atrum;;;";";nero;;sì;30;30
3;creber, -a, -um;;;";";frequente;;sì;30;30
4;inanis, -e;;;";";vuoto;;sì;30;30
5;pauper, -eris;;;";";povero;;sì;30;30
6;latus, -a, -um;;;";";largo;;sì;30;30
7;quot;;;";";quanti (aggettivo indeclinabile!) ;;sì;30;30
8;universus, -a, -um;;;";";tutto quanto;;sì;30;30
9;geminus, -a, -um;;;";";gemello;;sì;30;30
10;lenis, -e;;;";";delicato;;sì;30;30
11;potior, -oris;;;";";preferibile, più potente (comparativo di potis, -e);;sì;30;30
12;complures, -ia;;;";";parecchi;;sì;30;30
13;laevus, -a, -um;;;";";sinistro;;sì;30;30
14;peritus, -a, -um;;;";";esperto;;sì;30;30
;;;;;;;;;
;;;;;;;;;
1;verso;";";verso, -as, -avi, -atum, -are;||;rivolgere;;sì;30;30
2;provideo;";";provideo, -es, -vidi, -visum, -ere;||;provvedere,  prevedere;;sì;30;30
3;consido;";";consido, -is, -sedi, -sessum, -ere;||;insediarsi;;sì;30;30
4;ludo;";";ludo, -is, lusi, lusum, -ere;||;giocare;;sì;30;30
5;afficio;";";afficio, -is, -feci, -fectum, -fìcere;||;influenzare, infliggere;;sì;30;30
6;mereo;";";mereo, -es, -rui, -itum, -ere;||;meritare;;sì;30;30
7;perficio;";";perficio, -is, -feci, -fectum, -ere;||;portare a termine;;sì;30;30
8;demitto;";";demitto, -is, -misi, -missum, -ere;||;abbassare;;sì;30;30
9;mando;";";mando, -as, -avi, -atum, -are;||;affidare;;sì;30;30
10;iacio;";";iacio, -is, ieci, iactum, -ere;||;gettare;;sì;30;30
11;seco;";";seco, -as, secui, sectum, -are;||;tagliare;;sì;30;30
12;ignosco;";";ignosco, -is, -ovi, -otum, -ere;||;perdonare (regge il dativo);;sì;30;30
13;averto;";";averto, -is, -verti, -versum, -ere;||;distogliere;;sì;30;30
14;adhibeo;";";adhibeo, -es, -bui, -bitum, -ere;||;usare;;sì;30;30
;;;;;;;;;
;;;;;;;;;
*;quis?, quid?;";";"quis?, quid? / cuius?, cuius rei? / cui?, cui rei? /quem?, quid? / quo?, quo?(qua re?) // qui?, quae? / quorum?, quarum rerum? / quibus?, quibus rebus? / quos, quae? / quibus?, quibus rebus? |||L'aggettivo è ""qui?, quae?, quod?"" , e si declina come il relativo ""qui, quae, quod""";||;Chi? Che cosa? Che?;;sì;30;30
*;quis, quid;";";"quis, quid / cuius, cuius rei / cui, cui rei /quem, quid / quo, quo (qua re) // qui, quae (qua) / quorum, quarum rerum / quibus, quibus rebus / quos, quae / quibus, quibus rebus||| L'aggettivo è ""qui, quae, quod"" , e si declina come il relativo ""qui, quae, quod""";||;qualcuno, uno, qualche cosa (frasi ipotetiche);;sì;30;30
*;aliquis, aliquid;";";"Aliquis, aliquid / alicuius, alicuius rei / alicui, alicui rei / aliquem, aliquid / aliquo, aliquo (aliqua re) // aliqui, aliqua / aliquorum, aliquarum rerum / aliquibus, aliquibus rebus / aliquos, aliqua /  aliquibus, aliquibus rebus ||| L'aggettivo è ""aliquis, aliqua, aliquod"", e si declina come il relativo ""qui, quae, quod""";||;qualcuno, uno, qualche cosa (frasi affermative);;sì;30;30
*;quisquam, quidquam;";";"quisquam, quidquam / cuiusquam, ullius rei / cuiquam, ulli rei / quemquam, quidquam / quoquam, ulla re // ulli, ullae, ulla / ullorum, ullarum, ullorum / ullis, ullis, ullis / ullos, ullas, ulla / ullis, ullis, ullis ||| L' aggettivo è ""ullus, -a, -um"", e si declina come un aggettivo della prima classe.";||;qualcuno, uno, qualche cosa (frasi negative);;sì;30;30
*;quidam, quaedam, quiddam;";";"quidam, quaedam, quiddam / cuiusdam, cuiusdam, cuiusdam / cuidam, cuidam, cuidam / quendam, quandam, quidam / quodam, quadam, quodam // quidam, quaedam, quaedam / quorundam, quarundam, quorundam /quibusdam, quibusdam, quibusdam /quosdam, quasdam, quaedam /quibusdam, quibusdam, quibusdam ||| L'aggettivo è uguale, tranne che per il nominativo e accusativo neutro singolare che fanno ""quoddam""";||;un tale, un qualcosa;;sì;30;30
*;quisque, quidque;";";"quisque, quidque (o quicque) / cuiusque, cuiusque rei / cuique, cuique rei /quemque, quidque / quoque, quoque (qua re) // quique, quaeque (qua) / quorumque, quarumque rerum / quibusque, quibusque rebus / quosque, quaeque / quibusque, quibusque rebus||| L'aggettivo è ""quisque, quaeque, quodque”, e si declina come il relativo “qui, quae, quod”";||;ciascuno;;sì;30;30
;;;;;;;;;
;;;;;;;;;
*;quicumque, quaecumque, quodcumque;";";quicumque, quaecumque, quodcumque / cuiuscumque, cuiuscumque, cuiuscumque / cuicumque, cuicumque, cuicumque /quemcumque, quamcumque, quodcumque / quocumque, quacumque, quocumque // quicumque, quaecumque, quaecumque / quorumcumque quarumcumque, quorumcumque / quibuscumque, quibuscumque, quibuscumque / quoscumque, quascumque, quaecumque / quibuscumque, quibuscumque, quibuscumque ||| l'aggettivo è identico;||;chiunque, qualunque cosa;;sì;30;30
*;quisquis, quidquid;";";quisquis, quidquid / cuicuimodi, cuicuimodi / - , - / - , - / quoquo, quoquo / / - , - /- , - /- , - /- , - /- , - / ||| L'aggettivo è identico;||;chiunque, qualunque cosa;;sì;30;30
*;nemo, nihil;";";"nemo, nihil (nil) / nullius (neminis), nullius rei / nemini, nulli re / neminem, nihil (nil) / nullo (nemine), nulla re |||  L' aggettivo è ""nullus, -a, -um"", e si declina come un aggettivo della prima classe.";||;nessuno, nessuna cosa (niente);;sì;30;30
*;uterque, utraque, utrumque;";";uterque, utraque, utrumque / utrique, utraeque, utrique / utroque, utraeque, utroque / utrumque, utramque, utrumque / utroque, utraque, utroque // utrique, utraeque, utraque / utrorumque, utrarumque, utrorumque / utrisque, utrisque, utrisque / utrosque, utrasque, utraque / utrisque, utrisque, utrisque ||| l'aggettivo è identico;||;ciascuno dei due, entrambi;;sì;30;30
*;plerusque, pleraque, plerumque;";";plerusque, pleraque, plerumque / plerique, pleraeque, plerique / pleroque, pleraeque, plaroque / plerumque, pleramque, plerumque / pleroque, pleraque, pleroque // plerique, pleraeque, pleraque / plerorumque, plerarumque, plerorumque / plerisque, plerisque, plerisque / plerosque, plerasque, pleraque / plerisque, plerisque, plerisque ||| l'aggettivo è identico;||;la maggior parte;;sì;30;30
;;;;;;;;;
;;;;;;;;;
1;lapis, -idis;;;";";sasso;;sì;30;30
2;sagitta, -ae;;;";";freccia;;sì;30;30
3;aestus, -us;;;";";calore, marea;;sì;30;30
4;"altitudo, -inis (oltre a ""altezza"")";;;";";profondità;;sì;30;30
5;saevitia, -ae;;;";";crudeltà;;sì;30;30
6;ludus, -i;;;";";gioco, scuola;;sì;30;30
7;torus, -i;;;";";nastro, matrimonio, letto nuziale;;sì;30;30
8;fas;;;";";lecito (sostantivo indeclinabile);;sì;30;30
9;cor, -dis;;;";";cuore;;sì;30;30
10;subsidium, -i ;;;";";riserva, truppe di rinforzo, soccorso;;sì;30;30
11;crinis, -is;;;";";capello;;sì;30;30
12;avus, -i;;;";";nonno;;sì;30;30
13;bos, -ovis;;;";";bue (ricorda che al genitivo plurale fa “boum”, e al dativo/ablativo plurale può fare “bobus” o “bubus”);;sì;30;30
14;Iuppiter, Iovis;;;";";"Giove (ricorda che il resto della declinazione segue ""iovis"")";;sì;30;30
;;;;;;;;;
;;;;;;;;;
1;volvo;";";volvo, -is, volvi, volutum, -ere;||;girare;;sì;30;30
2;aequo;";";aequo, -as, -avi, -atum, -are;||;spianare, paragonare;;sì;30;30
3;deicio;";";deicio, -is, -ieci, -iectum, -ere;||;buttar giù;;sì;30;30
4;sterno;";";sterno, -is, stravi, stratum, sternere;||;spargere, distendersi;;sì;30;30
5;haurio;";";haurio, -is, hausi, haustum, -ire;||;attingere;;sì;30;30
6;subicio;";";subicio, -is, -ieci, -iectum, -ere;||;mettere sotto;;sì;30;30
7;praesum;";";praesum, praees, praefui, praeesse;||;essere a capo;;sì;30;30
8;corripio;";";corripio, -is, -ripui, -reptum, -ere;||;impossessarsi;;sì;30;30
9;proicio;";";proicio, -is, -ieci, -iectum, -ere;||;protendere, scacciare;;sì;30;30
10;recuso;";";recuso, -as, -avi, -atum, -are;||;rifiutare;;sì;30;30
11;loco;";";loco, -as, -avi, -atum, -are;||;collocare;;sì;30;30
12;occĭdo;";";occĭdo, -is, occidi, occasum, -ere;||;cadere, morire, tramontare;;sì;30;30
13;"commoveo (oltre a ""commuovere"")";";";commoveo, -moves, -movi, -motum, -movere;||;muovere con forza;;sì;30;30
14;circumvenio;";";circumvenio, -venis, -veni, -ventum, -venire;||;circondare;;sì;30;30
;;;;;;;;;
;;;;;;;;;
1;demum;;;";";certamente, alla fine;;sì;30;30
2;antea;;;";";prima;;sì;30;30
3;cotidie;;;";";ogni giorno;;sì;30;30
4;bis;;;";";due volte;;sì;30;30
5;equidem;;;";";senza dubbio;;sì;30;30
6;acriter;;;";";con forza;;sì;30;30
7;circiter (avv.);;;";";"circa (ma può essere anche preposizione con l'accusativo e in quel caso significa ""verso"")";;sì;30;30
8;penitus (avv.);;;";";profondamente;;sì;30;30
9;iuxta (avv.);;;";";accanto, parimenti;;sì;30;30
10;paulo;;;";";poco, un po';;sì;30;30
11;profecto;;;";";senz'altro;;sì;30;30
12;omnino;;;";";del tutto;;sì;30;30
13;nequiquam;;;";";invano;;sì;30;30
14;nuper;;;";";recentemente, poco fa;;sì;30;30
;;;;;;;;;
;;;;;;;;;
1;arbitror;";";arbitror, -aris, -atus sum, -ari;||;ritenere;;sì;30;30
2;persequor;";";"persequor, -eris, persecutus sum, -sequi (oltre a ""perseguire"")";||;inseguire, narrare;;sì;30;30
3;for;";";for, faris, fatus sum, fari;||;dire (poetico);;sì;30;30
4;testor;";";testor, -aris, testatus sum, -ari;||;testimoniare, attestare;;sì;30;30
5;potior;";";potior, -iris, potitus sum, -iri;||;impadronirsi;;sì;30;30
6;versor;";";versor, -aris, -atus sum, -ari;||;volgere, trovarsi;;sì;30;30
7;confiteor;";";confiteor, -eris, confessus sum, -eri;||;confessare;;sì;30;30
8;molior;";";molior, -iris, molitus sum, -iri;||;macchinare;;sì;30;30
9;comitor;";";comitor, -aris, comitatus sum, -ari;||;accompagnare;;sì;30;30
10;miseror;";";miseror, -aris, -atus sum, -ari;||;commiserare;;sì;30;30
11;cohortor;";";cohortor, -aris, -atus sum, -ari;||;esortare;;sì;30;30
12;adorior;";";adorior, -iris, adortus sum, -iri;||;assalire;;sì;30;30
13;affor;";";affor, -aris, affatus sum, -ari;||;parlare;;sì;30;30
14;furor;";";furor, -aris, -atus sum, -ari;||;rubare;;sì;30;30
;;;;;;;;;
;;;;;;;;;
1;vadum, -i;;;";";guado;;sì;30;30
2;minister, ministri;;;";";servitore, collaboratore;;sì;30;30
3;munitio, -onis;;;";";fortificazione;;sì;30;30
4;pelagus, -i;;;";";mare (poetico) (ricorda che è neutro della seconda);;sì;30;30
5;ortus, -us;;;";";nascita, oriente;;sì;30;30
6;commeatus, -us;;;";";convoglio, vettovaglie;;sì;30;30
7;lucus, -i;;;";";bosco;;sì;30;30
8;agger, eris;;;";";terrapieno;;sì;30;30
9;hiberna, -orum;;;";";accampamenti invernali;;sì;30;30
10;rus, ruris;;;";";campagna;;sì;30;30
11;letum, -i;;;";";morte;;sì;30;30
12;ensis, -is;;;";";spada;;sì;30;30
13;nauta, -ae;;;";";marinaio;;sì;30;30
14;deditio, -onis;;;";";resa;;sì;30;30
;;;;;;;;;
;;;;;;;;;
1;confirmo;";";confirmo, -as, -avi, -atum, -are;||;rafforzare;;sì;30;30
2;compleo;";";compleo, -es, -evi, -etum, -ere;||;riempire;;sì;30;30
3;comprehendo;";";comprehendo, -is, -prehendi, -prehensum, -ere;||;catturare;;sì;30;30
4;conscribo;";";conscribo, -is, -scripsi, -scriptum, -ere;||;arruolare;;sì;30;30
5;concito;";";concito, -as, -avi, -atum, -are;||;incitare;;sì;30;30
6;conicio;";";conicio, -is, -ieci, -iectum, -ere;||;gettare;;sì;30;30
7;neglego;";";neglego, -is, -lexi, -lectum, -ere;||;trascurare;;sì;30;30
8;refert;";";refert, retulit, referre;||;importa (verbo impersonale - si trova solo alla terza persona);;sì;30;30
9;munio;";";munio, -is, i(v)i, -itum, -ire;||;fortificare;;sì;30;30
10;adiungo;";";adiungo, -is, adiunxi, adiunctum, -ere;||;unire;;sì;30;30
11;arcesso;";";arcesso, -is, -i(v)i, -itum, -ere;||;far chiamare;;sì;30;30
12;impetro;";";impetro, -as, -avi, -atum, -are;||;supplicare;;sì;30;30
13;faveo;";";faveo, -es, favi, fatum, -ere;||;sostenere (regge il dativo), augurare (regge l'infinitiva o ut+cong.);;sì;30;30
14;attingo;";";attingo, -is, -tigi, -tactum, -ere;||;toccare;;sì;30;30
;;;;;;;;;
;;;;;;;;;
*;ne;;;";";CONGIUNZIONE : come circostanziale finale = affinché non, per non // come volitiva = che non // come circostanziale consecutiva = che non // con verba impediendi e recusandi = che // con verba timendi = che ||| AVVERBIO: non, né;;sì;30;30
*;ut;;;";";CONGIUNZIONE : come circostanziale finale = affinché , per  // come volitiva = che  // come circostanziale consecutiva = che  // come completiva esprimente constatazione = che //  con verba timendi = che ||| AVVERBIO: come;;sì;30;30
*;ne... quidem;;;";";neppure;;sì;30;30
*;se vertere;;;";";dirigersi;;sì;30;30
*;se recipere;;;";";ritirarsi;;sì;30;30
*;se dedere;;;";";arrendersi;;sì;30;30
;;;;;;;;;
;;;;;;;;;
1;lacesso;";";lacesso  -is  -ivi  -itum  -essere;||;provocare;;sì;30;30
2;requiro;";";requiro, -iris, -quisi(v)i, -quisitum, -quirere;||;chiedere;;sì;30;30
3;animadverto;";";animadverto, -vertis, -verti, -versum, -ere;||;avvertire (=accorgersi);;sì;30;30
4;exsisto;";";exsisto, -is, existiti, -ere;||;comparire;;sì;30;30
5;eicio;";";eicio, -is, eieci, eiectum, -ere;||;espellere;;sì;30;30
6;fugo;";";fugo, -as, -avi, -atum, -are;||;mettere in fuga;;sì;30;30
7;abdo;";";abdo, -is, -idi, -itum , -ere;||;nascondere;;sì;30;30
8;vasto;";";vasto, -as, -avi, -atum, -are;||;devastare;;sì;30;30
9;praeficio;";";praeficio, -is, -feci, -fectum, -fìcere;||;mettere a capo;;sì;30;30
10;consuesco;";";consuesco, -is, -suevi, -suetum, -ere;||;abituarsi;;sì;30;30
11;"sollicito (oltre a ""sollecitare"")";";";sollicito, -as, -avi, -atum, -are ;||;turbare;;sì;30;30
12;dimico;";";dimico, -as, -avi, -atum, -are;||;combattere;;sì;30;30
13;perspicio;";";perspicio, -is, -spexi, -spectum, -ere;||;intravvedere;;sì;30;30
14;pando;";";pando, -is, pandi, pansum, -ere;||;distendere;;sì;30;30
;;;;;;;;;
;;;;;;;;;
1;aedes (-is), -is;";";;||;tempio;;sì;30;30
2;aedes, -ium;";";;||;casa;;sì;30;30
3;magister, magistri;";";;||;maestro;;sì;30;30
4;concilium, -i;";";;||;riunione;;sì;30;30
5;vicus,- i;";";;||;villaggio;;sì;30;30
6;hortus, -i;";";;||;giardino;;sì;30;30
7;ver, -eris;";";;||;primavera;;sì;30;30
8;omen, -inis;";";;||;presagio;;sì;30;30
9;"monumentum, -i (oltre a ""monumento"")";";";;||;ricordo;;sì;30;30
10;incola, -ae;";";;||;abitante;;sì;30;30
11;scopulus, -i;";";;||;scoglio;;sì;30;30
12;cubile, -is;";";;||;giaciglio, tana;;sì;30;30
13;sonitus, -us;";";;||;rimbombo;;sì;30;30
14;gurges, -itis;";";;||;gorgo;;sì;30;30
